repeat,accuracy,f1-macro,f1-micro,loss
0,0.8340918849291541,0.3544654554843503,0.8777889044662528,0.06735194474458694
0,0.8981537140403607,0.5697402953700527,0.9357820094016414,0.03595159575343132
0,0.9403126073514256,0.6759052786601797,0.9664791187891275,0.020666509866714478
1,0.9472735079433233,0.7135576826025424,0.9706641260767734,0.01837393455207348
1,0.9630742808072134,0.7734273943915874,0.9792327203551047,0.01497816015034914
1,0.9771556166265888,0.8230999867662354,0.9877525302248651,0.010602404363453388
2,0.9630742808072134,0.8167378876850354,0.9797286638271021,0.013036899268627167
2,0.983512237011593,0.917182868133812,0.991016548463357,0.007113221567124128
2,0.9901236688423223,0.9422751405437607,0.9947450980392157,0.004182749893516302
