,text_id,token,ageism,aporophobia,body_shame,capacitism,lgbtphobia,political,racism,religious_intolerance,misogyny,xenophobia,other,not_hate
0,4274,@USER,-0.051427986,-0.069655985,-0.15927616,-0.19657624,-0.3840715,-0.074073195,-0.07953264,-0.008577382,-0.5046497,-0.0028838906,-0.08550182,0.1317266
1,4274,@USER,-0.06430164,0.021067765,-0.1381718,-0.0888577,-0.039999235,0.026786577,-0.023332618,0.06666214,-0.18944204,0.16048837,0.1483568,-0.175565
2,4274,▁kkkkkkkkk,0.4630243,0.25474,-0.21138805,0.14772281,-0.24734883,0.23198988,0.25443554,0.31813264,-0.6471499,0.2964027,0.14436647,-0.38809898
3,4274,▁toma,0.32551837,0.5565585,-0.274432,0.35926765,0.1892493,0.71413624,0.4362538,0.87190425,-0.6477558,1.2124449,0.60785997,-1.3356087
4,4274,▁vergonha,0.31753835,0.35007685,-0.099694364,0.05564711,0.08698687,0.14202146,0.5145321,0.2782616,0.0667364,0.30194008,0.6199382,-0.3408037
5,4274,▁cara,0.18915275,0.3991322,0.09845389,0.05600653,-0.0074617714,0.36756402,0.48247474,0.17252444,-0.15871799,0.49153104,0.38390747,-0.41491914
6,4274,▁seu,-0.6406183,-0.15584062,-0.22290652,-0.40806395,-0.30003047,-0.084174424,-0.3970179,-0.15010732,-0.38948223,-0.04752634,0.30087498,0.16868918
7,4274,▁velho,1.3577611,0.8824843,0.13320833,0.2807285,-0.4293027,0.22943723,1.061143,0.78479964,-0.9208568,1.0219755,0.63795406,-0.5409448
8,4274,▁vagabundo,0.11564061,0.5979788,0.082809806,-0.1759319,0.07862073,0.10301765,0.3688129,0.4881499,-0.0038812384,0.6348516,1.9049548,-1.1082263
9,4970,▁que,0.08433985,0.41193336,-0.108725145,0.057496052,0.16823785,0.10900657,0.39521557,0.12486009,-0.33259404,0.78306913,-1.4835024,1.2149165
10,4970,▁raiva,1.6152673,1.6682897,1.3313241,1.265279,0.38423896,0.7390939,1.1899834,1.2882247,0.5243285,1.734935,0.33731747,-1.7319806
11,4970,▁de,0.44231817,0.4862758,0.26448137,0.09620445,0.23997605,0.15047371,0.9174254,0.39448717,-0.25060764,0.6529144,-0.82558167,1.1100165
12,4970,▁ser,-0.43556088,-0.091350354,-0.582054,-0.38679796,0.023420736,0.34014103,-0.12998398,0.07095989,-0.8235986,0.1103296,-1.7510195,1.3496126
13,4970,▁pobre,0.629133,1.1062242,0.62669086,0.63718903,0.91544217,-0.54669917,0.51204425,-0.018937558,0.05722885,0.82175833,0.7839192,0.32388893
14,4970,!,-1.0497155,-0.6619182,-2.087259,-2.3823378,-2.650885,-0.4115631,0.6857941,-0.44291615,-2.9631906,0.47392476,-5.2670383,5.750719
15,4970,▁pqp,0.6225692,1.35026,0.6400375,1.0168846,0.60502875,0.03845257,0.5673138,0.48383087,-0.24550135,1.3360713,-0.70642126,0.0023234636
16,4970,!,-0.33236772,-0.41132778,-0.32931206,-0.31143743,-0.19334006,0.10264251,-0.39286065,-0.11630189,-0.02390103,-0.69299155,0.41063398,-0.3913229
17,1366,▁Parabéns,-0.11560833,-0.13347198,-0.3770419,-0.13295558,-0.05773838,-0.12351242,-0.12034014,-0.11945916,-0.3477705,-0.13256285,0.066639304,0.29874304
18,1366,▁pra,0.12835422,0.20669556,0.52126795,0.16998824,0.0729694,0.22711962,0.2330373,0.21574941,0.2853803,0.21010193,-0.053633656,-0.2165136
19,1366,▁você,0.018562935,-0.04914082,-0.4633808,0.12761392,0.2784909,0.16080803,0.19001737,0.07808547,1.1530735,0.17974019,-0.2289663,-0.64148813
20,1366,",",-0.08154903,0.03965245,-0.107982725,0.041674238,0.13642517,0.16155249,0.068225384,0.06269334,0.29571277,0.06651537,0.04393334,-0.24209464
21,1366,▁mulher,0.12657154,0.008047702,0.23572437,0.13557403,0.08940157,-0.0035156198,0.23877832,0.10299448,0.94724524,0.15716782,-0.4304765,-0.33782533
22,1366,.,-0.076485366,-0.27708563,-0.20519394,-0.16839513,-0.14358217,-0.15016899,-0.09026315,-0.19791387,-0.002437465,-0.08419512,-0.4629857,0.13157602
23,1366,▁Parabéns,0.9891672,1.0415906,2.9327607,0.813064,0.44379416,0.967853,0.92116237,1.0339854,0.9549744,0.78652704,-0.54722154,-0.58478874
24,1366,▁pra,-0.10252705,0.08551562,0.07404478,0.10360566,0.23091328,0.18581769,0.20008516,0.16690892,0.16091159,0.13163425,-0.15885589,-0.08220491
25,1366,▁você,0.0044002403,0.032000534,-0.14285852,0.20949729,0.32796347,0.23508218,0.20622806,0.1450105,0.8432356,0.18492678,-0.20165558,-0.50032187
26,1366,▁que,0.043163106,0.06682725,0.017600695,0.06991115,0.036359336,0.14449865,0.11605397,0.106440604,0.3115815,0.15451156,-0.17325136,-0.16533841
27,1366,▁é,0.110012814,-0.03316136,0.016938277,0.045508366,0.087182306,0.016897496,0.11359509,0.11296152,0.22420116,-0.022564435,-0.5132327,-0.22777359
28,1366,▁feia,1.1021228,1.3353665,3.8693333,0.85363805,0.101186454,0.9058273,1.089206,1.1853738,0.508157,0.93371356,-0.58131355,-0.64000905
29,1366,",",0.17285867,0.15913182,0.5358014,0.091244355,0.18706621,0.071033634,0.17305724,0.18239795,0.45609647,0.16435401,-0.2708633,-0.2624276
30,1366,▁gorda,2.6314428,2.8291364,7.6196,2.2158976,2.082797,1.4148769,2.460401,2.7259169,4.097598,2.4583707,-0.9898373,-3.1536722
31,1366,",",-0.044077463,-0.08273856,0.11031595,-0.06869811,0.004730329,-0.028545812,-0.08722804,-0.1087151,0.045303896,-0.00015300885,-0.17320402,-0.09174814
32,1366,▁não,0.035159733,0.16477199,0.2966974,0.09339458,0.1416969,0.18561059,0.15726238,0.1745716,0.5262419,0.17876603,0.12633662,-0.43378133
33,1366,▁se,0.08051348,0.08876704,0.21919534,-0.03610106,-0.005294052,-0.05548728,0.0651432,0.05234193,0.1530577,0.103084,-0.056618836,-0.21674213
34,1366,▁cuida,0.07423589,0.12117152,0.1479632,0.09962381,0.15729555,-0.01079528,0.09843981,0.08261631,0.40571666,0.06807042,0.074171714,-0.18606868
35,1366,",",0.24699786,-0.37377352,-0.66426027,-0.47258592,-1.1960759,-0.5800003,-0.4955776,-0.27605098,-1.0454533,-0.4259084,-0.14313714,1.0093634
36,1366,▁coitada,0.29742134,0.33535492,0.7451093,0.18644762,-0.03644792,-0.029609088,0.16446282,0.18199936,-0.04532657,0.14669544,0.22581139,0.13671425
37,1366,.,-0.27849066,-0.16850358,-0.19695495,-0.5280797,-0.29090005,-0.31358904,0.009442113,-0.4252587,-0.5895819,-0.1670362,-0.23148358,0.17658952
38,1366,▁Que,-0.25140986,-0.26863647,-0.6386579,-0.29586545,-0.21844313,-0.1995722,-0.28173727,-0.28331187,-0.35943297,-0.25268593,0.116586834,0.27698967
39,1366,▁vão,-0.06694057,-0.068251505,-0.26634696,-0.043711476,0.04900113,0.1374313,0.0058598984,-0.010713243,0.18843395,-0.11141087,0.044996217,-0.051388547
40,1366,▁vai,-0.1427134,-0.21314304,-0.52540463,-0.13998774,-0.018965729,-0.051562756,-0.2911908,-0.19988735,-0.27115756,-0.22713533,0.22192189,0.13268247
41,1366,▁arranjar,0.56583947,0.72584426,1.4199636,0.6319134,0.32880357,0.60954285,0.5020819,0.66559005,1.2021072,0.63399756,0.19047739,-0.6301346
42,1366,...,-0.21124582,-0.16479042,-0.4905575,-0.1308282,-0.11237764,-0.060931373,-0.14250419,-0.11825909,-0.22578716,-0.11521079,-0.11727906,0.20315239
43,1140,▁A,0.13032833,0.09743872,0.3919322,0.16679978,0.038331084,0.22509131,0.13086621,0.14674944,0.4970106,0.035968874,0.013930853,-0.6260284
44,1140,▁CARA,0.55660367,0.3421539,1.4751331,0.4513366,0.6686803,0.35891336,0.42103314,0.36364114,2.3957415,0.3380689,0.13714826,-1.7349604
45,1140,▁DA,0.08005863,0.04099361,0.2932663,-0.112396374,0.027924981,-0.008849723,0.14320584,0.045228407,0.728863,0.10433538,-0.65014875,-0.12602684
46,1140,▁FEI,1.0500427,0.6033258,1.6045196,0.9252194,0.7489132,0.3067401,0.7146205,0.49301678,4.7948427,0.82126063,0.48872623,-3.0645587
47,1140,A,0.007899946,0.02447182,-0.052089732,0.047986828,-0.062040284,0.05027932,-0.03031846,0.0017894562,-0.13638504,-0.022964649,0.20009711,-0.074281745
48,1140,▁DA,0.19825308,0.11207999,0.5639858,0.20000985,0.18287112,0.2065236,0.10190691,0.15136118,0.9435749,0.06812168,0.12278265,-0.8148551
49,1140,▁VIVI,0.4216833,0.44854906,0.7857368,0.30470455,0.021749076,0.2031555,0.6210058,0.47780097,0.069803625,0.40948424,-0.82408524,0.41566074
50,1140,AN,0.5784709,0.4666549,0.60523707,0.48132047,0.23363894,0.5325262,0.71435255,0.5496029,1.4977849,0.554167,-0.747147,-0.6183374
51,1140,▁E,0.0046604034,0.036422573,0.2188882,0.03902398,-0.08552013,0.10802801,0.011225525,0.0021771137,0.115254186,-0.04626105,0.26933688,-0.4219817
52,1140,▁DA,0.1401791,-0.022007078,-0.30551535,-0.11158039,0.11406864,-0.36354437,0.22812673,0.21336462,-0.59849966,0.43040743,-1.9715884,2.3498683
53,1140,▁GORD,1.1529636,1.0868754,3.1531003,0.79732764,0.79359996,0.39110398,1.124086,0.92716223,1.9466078,0.9699602,-0.3603223,-0.911507
54,1140,A,0.20224439,0.28051406,0.83174473,0.17154971,0.044572867,0.18425946,0.17461663,0.1931728,-0.0031226277,0.18046217,-0.026360638,-0.12541264
55,1140,▁DA,0.039570164,0.028774928,0.05058767,0.021921948,0.05067076,0.04806051,0.09101122,0.06610325,0.095391124,0.08132659,-0.21759638,0.015182808
56,1140,▁ROBERT,0.1964934,0.04388149,0.54312676,0.0005030334,-0.03993793,-0.048207685,0.17665291,0.09722829,0.76648885,0.17239758,-0.6196903,-0.117890954
57,1140,A,0.012897754,0.036095113,0.14074038,-0.0008057216,-0.045220308,-0.093670875,0.044708773,0.0026897276,-0.12873685,0.030352589,-0.056348138,0.22002017
58,1140,▁SÃO,0.6200631,0.3755966,0.86292744,0.5222113,0.5167593,0.4941268,0.50522614,0.50798607,2.5693424,0.4949746,-0.17761852,-1.7944341
59,1140,▁AS,0.029466342,-0.015169399,0.018104605,-0.0025754403,0.019613035,0.073533006,0.017330723,0.00097557344,0.54439235,0.036710396,0.01810985,-0.2915841
60,1140,▁MELHORES,-0.12554781,0.09728581,-0.19040781,-0.14170386,-0.3712157,0.05464225,-0.06127488,0.023489166,-1.5146921,0.024451215,-0.2564275,1.2423255
61,1140,▁COISAS,0.14814037,0.2997356,0.5669511,0.115520656,0.04846044,0.22599497,0.19863394,0.19569209,-0.14063105,0.18089095,0.05876234,0.1695174
62,1140,▁ESSE,0.06114351,0.18135041,0.40552387,0.00021938235,-0.032319777,0.15212616,-0.07895119,0.15246154,-0.23044702,0.07430619,-0.23828004,0.1938101
63,1140,▁MOMENTO,0.37200242,0.45327955,0.66162187,0.13759379,-0.05724962,0.22138923,0.30125192,0.4656759,-0.29066247,0.47537154,-0.97054064,0.8671766
64,1140,▁EH,0.063051686,0.079272285,0.48022905,0.018253535,-0.035835534,0.1502579,-0.06894464,-0.030524567,0.31283122,0.01213029,0.5046696,-0.49812394
65,1140,▁MEU,0.45947635,0.5094483,1.7981479,0.2238549,-0.008254409,0.5461974,0.31659883,0.29922587,0.89582753,0.33559647,0.5853638,-1.1226151
66,1140,▁#,-0.0062693506,-0.04378022,-0.08986358,-0.013027364,-0.110027775,-0.09278966,-0.025226548,-0.024443414,-0.1404088,-0.044804152,0.01689258,0.1773113
67,1140,BBB,0.42427322,0.37673366,1.2054052,0.2451101,0.113881886,0.15099555,0.30447757,0.38886392,0.6651356,0.27264556,-0.3386392,-0.2711804
68,1140,17,0.056159545,0.04249113,0.11546681,0.03267842,-0.095897056,0.14973645,-0.04565452,0.026364012,0.046351366,0.017776426,-0.008160293,-0.11215271
69,3568,@USER,0.10133073,0.057430334,0.14766647,0.3022416,-0.099289924,0.19312343,0.05381546,0.06495831,-0.12514988,0.054471873,-0.26966804,-0.03026322
70,3568,@USER,-0.009001821,-0.035743326,-0.080932386,-0.047510102,-0.19734076,0.011009872,-0.007176584,-0.05336364,-0.014570504,-0.03135861,0.10329236,-0.032652315
71,3568,@USER,0.119481005,0.038454812,-0.019001007,0.019271217,-0.074618,-0.0054700077,0.08653012,0.0367256,-0.16658284,0.046400726,0.23616935,-0.089072846
72,3568,@USER,-0.045435853,-0.013419114,-0.07933107,-0.20558482,-0.040038005,-0.109760135,0.036808327,-0.066574305,-0.105691835,-0.029532114,0.20578998,-0.0023989044
73,3568,@USER,-0.022228189,0.0077684037,0.01191026,-0.26341018,0.020157266,-0.358532,-0.0036361616,-0.036244158,0.031043459,-0.00602445,0.40592936,0.025877818
74,3568,▁tem,0.01710187,-0.19047761,0.022351772,0.56043476,0.5713242,0.23687907,-0.6085082,-0.072644606,-0.062265746,0.30121958,-1.1299727,-0.2217385
75,3568,▁que,-0.249987,-0.31260538,-0.487499,-1.112856,-0.0845272,-0.74178267,0.00047722086,-0.1957181,0.051881265,-0.13895237,0.83590907,-0.15939695
76,3568,▁desenhar,0.28523737,0.38932106,-0.03930459,0.54142225,-0.051664967,0.067251444,0.20773298,0.22819182,-0.051768698,0.22852232,0.38312325,0.022844553
77,3568,▁e,0.1652178,0.16913061,0.061809383,0.44624248,0.14479604,0.22965138,0.18069196,0.14397728,-0.08741798,0.12225394,-0.06835344,-0.19983847
78,3568,▁explicar,0.51240754,0.48297,0.05557441,0.43158042,-0.18228734,0.15995593,0.55891585,0.6545517,-0.586179,0.8082973,0.449946,0.08675023
79,3568,▁o,0.14051203,0.11166018,0.21073048,0.5889123,0.035154395,0.70688033,-0.010054471,0.107010975,0.15771273,0.05598308,-0.52796674,-0.23497726
80,3568,▁desenho,0.71954507,0.72246814,0.74336165,1.9979749,-0.32518566,1.3015064,0.44649607,0.6140682,0.0055551156,0.6370792,-0.71928287,-0.04937245
81,3568,▁pro,0.8456309,0.86581314,0.46761596,1.9140596,-1.0296621,2.6324635,0.79014254,0.93830776,-0.44141757,0.68684655,-0.4850876,-0.46700642
82,3568,▁retardado,-0.043490946,0.02838546,-0.10410464,-1.5748879,-2.601522,-1.4048973,-0.2016598,-0.32917696,-0.16003965,0.28883517,2.5002575,0.9286974
83,3568,▁pq,0.21352099,0.15219665,-0.10318679,0.3622744,0.86276793,0.057538867,0.36715007,0.19701912,-0.0432617,0.2504297,0.14759716,-1.1737243
84,3568,▁a,-0.42500663,-0.37655485,-0.62547886,-1.5281765,-0.087215364,-1.5718465,-0.008794304,-0.3493165,0.035408206,-0.17811596,1.5891845,-0.06310715
85,3568,▁pica,-0.41628432,-0.30536187,-0.8163993,-2.5283828,-0.11951583,-1.9864116,0.24273536,-0.103883415,-0.32495153,-0.17375249,2.1851745,-0.22221541
86,3568,▁do,-0.046662174,0.016108584,-0.04311849,-0.1177461,-0.05357425,0.034991145,0.025212172,-0.0347305,-0.057428885,-0.039490096,0.072505474,-0.16501224
87,3568,▁bolsonaro,0.8405908,0.9611638,1.1159332,1.8320367,-0.7438461,3.5205095,0.85088134,0.95165277,0.035252806,-0.24515444,-1.2896307,-0.15154552
88,3568,▁na,-0.19538547,-0.2900098,-0.34264892,-1.0851157,-0.15193354,-1.1409271,0.01681902,-0.24170697,0.22818004,-0.1597332,1.0549607,-0.1253796
89,3568,▁frente,0.21120615,0.22757366,0.18219972,0.6242116,0.031107388,1.5193989,0.08338314,0.23977628,0.04712396,0.051010687,-0.93024445,-0.11450633
90,3568,▁dele,0.29598644,0.2619412,0.1794675,0.95672435,0.030581057,2.4470384,0.11774378,0.49408668,0.084274665,0.26632145,-1.3914024,-0.7207734
91,3568,▁não,0.17547992,0.116473496,-0.017368108,0.68965435,0.38269255,0.5887492,-0.03922315,0.19829412,0.062754616,0.20002422,-0.32237738,-0.46633893
92,3568,▁deixa,0.004288081,0.10823551,-0.2010729,-0.078469366,0.16491808,-0.20201205,0.21363898,0.1396979,-0.041356172,0.15762219,0.4317047,-0.105739996
93,3568,▁ele,0.3728202,0.29292104,0.3552075,1.1659365,0.3040625,1.3282614,0.12749556,0.31823093,0.22553027,0.22316952,-0.9958842,-0.26427367
94,3568,▁ver,0.14854349,0.12535073,-0.079878986,0.5338902,-0.01538638,0.32770616,0.09221828,0.18594727,-0.04258103,0.1993995,-0.30169392,-0.028527297
95,3004,@USER,-0.037377503,-0.07086204,-0.042042967,-0.056775145,-0.36514872,-0.04254069,0.08445322,-0.049633753,-0.025900738,0.00029317196,-0.16431962,0.27962756
96,3004,▁PRA,0.17220384,0.160731,0.04188952,0.13328329,-0.036406606,0.15892676,0.17889339,0.15080455,-0.2599566,0.26869535,-0.55511206,0.22804557
97,3004,▁CARALHO,0.31616306,0.4729802,-0.044867426,0.46523884,1.0900258,0.04395151,0.45164436,0.43832803,-0.74567413,0.49639872,0.43774748,0.16595796
98,3004,OO,0.13358438,0.09125014,0.14992946,0.17062223,0.16976991,-0.0128098875,0.27175003,0.15251419,0.15730467,0.11827955,-0.32351154,0.15048069
99,3004,▁mano,0.27530816,0.48456386,0.17960107,0.3984878,1.6666422,0.58597636,0.29760617,0.59221405,-0.038090512,0.3189543,-0.43201888,-1.3643231
100,3004,▁esses,0.08466084,0.24014553,-0.32697925,0.014751911,1.6839709,0.30516416,-0.046906818,0.3529435,-0.5233186,0.18395144,0.4997691,-1.3553921
101,3004,▁viado,0.48032576,0.59679693,0.15199858,0.68293846,1.2126714,-0.031005986,0.75688314,0.78450286,-0.909934,0.45932093,0.7051941,0.11523384
102,3004,▁ficava,-0.24945141,-0.17171516,-0.5569922,-0.5875693,-0.32887632,-0.6503408,-0.07932907,-0.2052923,0.54935616,0.3292244,-0.81130576,1.1339369
103,3004,m,-0.17076235,-0.062491946,-0.23581725,-0.19430009,0.3703719,-0.008967489,-0.12049601,-0.04789465,0.38098425,-0.060340706,-0.9070158,0.16424468
104,3004,▁tromb,-0.13266996,0.011187494,-0.23586233,-0.1718843,1.1177582,0.059124827,-0.3543989,0.029097259,0.27073693,-0.11063197,-0.23194396,-0.68129927
105,3004,ando,-0.24086407,-0.17525375,-0.20806277,-0.31145543,-0.06644641,-0.059922345,-0.18985933,-0.14979099,0.3590249,-0.13847566,-0.87206876,0.37560046
106,3004,▁em,-0.11223695,-0.18144107,-0.032936532,-0.11835645,-0.7539779,-0.09943902,0.031579033,-0.18135571,0.13842803,-0.09884758,-0.49734175,0.6495923
107,3004,▁mim,0.10136399,0.20935446,0.016301528,0.15107034,0.9545798,0.18287982,0.076202795,0.18338248,0.11138537,0.30561295,-0.10703683,-0.6112976
108,3004,▁de,-0.038048767,-0.07780186,-0.054809615,-0.216487,-0.26593244,0.030551514,-0.07320102,-0.0061155558,0.04052822,0.014942629,-0.6172285,0.21070766
109,3004,▁5/5,-0.31922364,-0.040875196,-0.30513752,-0.03295353,0.34142387,0.14468855,-0.5989741,-0.18592936,0.5405296,-0.7310916,1.4265041,-1.4041226
110,3004,s,-0.12092313,-0.14527445,-0.030043848,-0.4924234,-0.08929756,-0.30649334,-0.05975082,-0.15847008,0.06953289,-0.050398346,-0.06944342,0.47381192
111,3004,▁e,-0.14101508,-0.25103378,-0.06535225,-0.2141415,-0.71316445,-0.13458961,-0.1136398,-0.22519186,-0.01809654,-0.17945763,-0.36717087,0.5586231
112,3004,▁eu,0.08320725,0.012920186,0.09871007,0.0769342,-0.114231184,0.047722403,0.11602396,0.025541471,-0.094160646,-0.08096175,0.18745895,-0.022897214
113,3004,▁só,0.043384932,0.08955406,-0.061447203,0.06546011,0.15067127,0.11824359,0.120243266,0.12729122,-0.31944138,0.1337395,-0.093382284,-0.08727996
114,3004,▁pensava,0.3273151,0.5299678,0.32442153,0.278182,0.8209437,0.36634326,0.5121318,0.41513944,-0.27209446,0.46279597,0.08468158,-0.3178081
115,3004,▁ser,-0.12825197,-0.1835168,-0.18994327,-0.2868721,-0.7210286,-0.016995331,-0.096769996,-0.109759234,-0.7126945,-0.098296896,-0.08948223,0.48339373
116,3004,▁gay,0.11392925,0.11168058,0.19034266,0.08064486,-0.56108755,0.12801652,0.5529231,0.27678514,-0.009871319,0.225395,-0.8686069,0.2662937
117,3004,▁não,-0.12404883,-0.09872315,-0.07855116,-0.17594565,0.056543186,-0.15663719,-0.16526088,-0.038838692,-0.22813949,-0.09596917,-0.054929517,-0.009741552
118,3004,▁é,-0.2614558,-0.2787448,-0.33977497,-0.41224572,-0.47182646,-0.10238635,-0.27741134,-0.17240435,-0.5388162,-0.31546307,0.29122305,0.17536114
119,3004,▁escolha,-0.0042637866,0.11059682,-0.15788755,-0.11165425,0.5893041,0.07026363,-0.157523,0.094682425,-0.40949667,0.08595132,0.35773802,-0.35688025
120,3004,",",-0.31443766,-0.33627307,-0.18284461,-0.5238512,-0.8197614,-0.35826218,-0.2314432,-0.33906633,-0.46740428,-0.3027913,-0.15210629,0.7648902
121,3004,▁mas,0.058161017,0.06028592,-0.033330046,0.14665468,0.25692996,0.15468702,-0.0035822392,0.057417385,0.5035401,0.11396796,-0.11718328,-0.3507595
122,3004,▁ser,0.43080035,0.9801208,0.28505754,0.18815547,4.197934,0.35181525,0.13197824,0.9772342,-0.14860785,0.87082934,-0.66716367,-1.8880115
123,3004,▁homofob,-0.18804562,-0.07954234,0.16315499,-0.6500271,-0.986349,-0.18804556,0.19842024,-0.11900255,-0.3251363,0.14395458,-1.2020342,1.7241195
124,3004,ico,0.29519182,0.4878869,0.25747672,0.22243856,0.92428154,0.0032931492,0.40336934,0.41407776,-0.3394369,0.6272641,-0.11653212,0.07153386
125,3004,▁é,-0.16939025,-0.12590711,-0.08852588,-0.24108131,-0.21545926,-0.037610818,-0.13059863,-0.09122732,-0.06676295,-0.049407274,-0.47957352,0.26249012
126,3004,▁inevit,0.1431797,0.24539407,0.022496387,0.010515571,0.5201023,0.13109016,0.2702103,0.19848335,-0.3608125,0.4642325,-0.2160958,-0.025110364
127,3004,ável,-0.08069721,0.19254456,-0.042793144,-0.059138127,0.33700347,0.27052063,-0.032735623,0.13224125,-0.29045153,0.05443354,-0.13130406,-0.19885738
128,143,▁Pra,-0.19388023,-0.37616488,0.071843386,-0.2839528,0.04413907,0.09655271,-0.5240592,-0.17853457,0.3437243,-0.025442272,-0.9556368,0.044308748
129,143,▁ser,0.15029451,0.07549125,0.42174724,0.17010017,0.14848924,0.20200038,0.04173498,0.08645881,-0.052294344,0.10978466,-0.39851928,-0.17171827
130,143,▁minha,0.008968275,0.107788935,-0.15641153,-0.16997717,0.098751366,-0.0675081,0.17573875,0.17697693,1.3361464,0.10903497,0.67150116,-0.45299315
131,143,▁inimiga,0.20553124,0.15235649,0.6139773,0.3001174,0.19233859,0.20937599,0.3022403,0.17918947,0.09966105,0.17138746,-0.6996129,-0.21194445
132,143,▁no,0.062855534,0.07191049,0.1667913,0.17498033,0.021558024,0.16520609,0.13124028,0.1302239,0.4460353,0.13034116,-0.2823044,-0.2621201
133,143,▁mínimo,0.015842458,0.017679203,0.17922616,0.17465244,0.04613657,0.15484673,-0.017023727,0.007413339,-0.8271388,0.030411605,-0.51922536,0.12676641
134,143,▁tem,0.09289838,0.09659149,0.22948885,0.060584113,0.07232175,0.015723715,0.04945799,0.09735802,0.0075799935,0.13407941,-0.07123874,-0.104648314
135,143,▁que,0.023884753,0.04350362,0.14778984,-0.02649917,-0.039973527,0.08944895,0.0782557,0.057041563,0.12516142,0.066037536,-0.07695581,-0.08682984
136,143,▁ter,0.19477957,0.12007138,0.58937275,0.18633884,0.08624676,0.17149743,0.121963,0.10585599,-0.20437995,0.12886742,-0.52803564,-0.15444915
137,143,▁um,0.0075416053,0.0010215612,-0.0016436102,-0.054635447,-0.011049073,-0.086511426,-0.041769154,-0.010793091,0.07400067,-0.0005303251,-0.09529351,-0.024922036
138,143,▁rostinho,0.18965349,0.054612324,0.5112612,0.09119756,-0.105956,0.051876783,0.21137844,0.048419803,0.8270792,0.06777597,-0.77722275,-0.040881805
139,143,▁bonito,0.04286159,0.109417975,0.12749504,0.107022695,0.044893987,0.01705763,0.13508621,0.066483796,0.087313816,0.010591501,0.14568992,-0.326365
140,143,▁e,0.005029833,0.08712867,-0.006648209,0.09092216,0.037583258,0.10703805,0.099575214,0.043028176,-0.05333528,-0.0069042062,0.1009487,-0.13422206
141,143,▁delicado,-0.1832545,-0.10291098,-0.33340788,-0.186663,-0.080079325,-0.110967875,0.029745765,-0.041248947,0.46294293,-0.045744427,-0.012003362,0.12959868
142,143,",",-0.32652357,-0.6626602,-0.55420864,-0.6672604,-0.6946407,-0.83564335,-1.0195229,-0.45901614,-0.8432722,-0.38347974,-0.10986903,0.7271129
143,143,▁não,-0.009877646,-0.023037534,0.2340861,-0.13076505,-0.13739565,-0.060968123,-0.08132996,-0.001403721,0.09235458,0.0031306949,-0.035858974,-0.1142365
144,143,▁se,-0.16381566,-0.18863475,-0.2769944,-0.21955231,-0.23082252,-0.13730806,-0.146471,-0.12373261,-0.08754721,-0.115361646,-0.10219869,0.2266976
145,143,▁consider,5.0809234e-05,0.044512656,0.041074775,0.12565185,0.12217216,0.060795277,-0.14690486,0.012790228,0.15579906,0.021947177,0.18558781,-0.2744138
146,143,e,-0.08134712,-0.05053468,-0.17066082,-0.11573331,-0.07657056,-0.08977668,-0.03505539,-0.025735617,0.075737216,-0.007414433,0.111485206,0.12090576
147,143,▁minha,0.09682106,0.09164332,0.30506742,0.069675624,0.054542467,0.23205063,0.07353093,0.12839068,0.06927332,0.14627966,-0.2535851,-0.08095997
148,143,▁rival,-0.19367571,-0.05626154,-0.11920801,-0.1295434,-0.15938275,0.10050805,-0.03224595,-0.0103698075,0.31247452,-0.0051606297,-0.0033817887,-0.06118384
149,143,▁com,-0.022428654,-0.015505981,-0.07289527,0.04524423,-0.0242524,-0.021908093,0.0010223035,-0.03074234,-0.13757928,-0.040301513,0.053072326,0.02161926
150,143,▁essa,-0.0669368,-0.11834722,-0.30510554,0.030212048,-0.101364926,-0.25739866,-0.11961667,-0.13547885,-0.16966973,-0.20257682,0.21801254,0.029152848
151,143,▁sua,0.1666585,0.10106884,0.47211602,0.12400499,-0.02987454,0.16767316,0.21226496,0.07864704,0.48950076,0.12783833,-0.27728167,-0.4866576
152,143,▁cara,0.22187008,0.17496347,0.5644245,0.40427542,0.23681647,0.12616016,0.12670074,0.11181414,-0.57786024,0.08056529,-0.3798747,-0.21012405
153,143,▁de,0.1843648,0.1887742,0.43084496,0.15625843,0.057602175,0.15482551,0.17517263,0.15570217,0.14235592,0.11635226,-0.112310044,-0.19899413
154,143,▁cavalo,0.6289205,0.7439316,1.2392666,0.4445416,0.37407148,0.2587308,0.5361794,0.7237321,0.9637172,0.73054373,0.46127504,-1.0268166
155,143,▁não,0.026584666,0.11252087,-0.05042252,-0.0075299963,-0.117233686,-0.059760146,0.046913154,-0.0014893706,0.53580207,-0.021935668,0.6928431,-0.43618047
156,143,",",0.18826616,0.11037307,0.61792994,0.13272034,0.12323821,0.15691973,0.19787145,0.11770757,-0.100104794,0.15269291,-0.5406439,-0.04652092
157,143,▁feia,1.4277816,1.801404,3.2942379,1.08792,0.2941,0.6196971,0.98107284,1.1749612,-0.68983364,1.0381858,1.3933446,-2.2417133
158,143,",",0.052973878,0.023627672,0.23085642,0.042415407,-0.016602904,0.11429319,0.11032835,0.03214772,0.056113463,0.025496133,-0.28037888,-0.028091487
159,143,▁cara,0.025956761,-0.029092941,-0.032402482,0.10574038,-0.01716907,-0.10079951,0.10775623,-0.040118396,0.0148411095,-0.05123411,-0.11789007,0.04564593
160,143,▁de,-0.019342741,-0.007475798,-0.038600337,-0.04904764,-0.05315335,-0.024115507,0.016402606,0.0057820864,0.023827568,0.013151902,0.0378806,0.047891863
161,143,▁,-0.018885553,-0.032506604,-0.3202828,0.062268585,-0.041833136,-0.099805094,-0.051803194,-0.0459179,-0.06065248,-0.06348872,0.2804194,-0.110453874
162,143,trave,0.3447941,0.49855357,1.0002863,0.68032146,1.4113498,0.41413203,0.6224496,0.6729344,0.8136272,0.64176536,-0.6441758,-0.76122963
163,143,co,0.044375636,-0.075597055,0.3145033,-0.08301559,-0.15682516,0.10294854,-0.0059371237,-0.047225397,-0.14797145,-0.023901943,-0.5914987,0.3087671
164,143,",",-0.047519237,-0.040786542,-0.09208068,-0.075571455,-0.076870285,0.011063803,0.0080842925,-0.043329567,-0.0683423,-0.026930295,-0.04823372,0.06430873
165,143,▁cabe,0.00093682855,0.037576646,-0.13628662,-0.1173305,-0.11294514,-0.13586286,-0.008098409,0.016422048,0.08424656,-0.0033157319,0.31319502,0.20633139
166,143,çu,0.39500427,0.35812008,0.8340617,0.47318813,0.56411123,0.33804494,0.23414402,0.29689115,0.3334186,0.35374436,-0.274732,-0.48878175
167,143,da,0.0035948101,0.007857179,0.09352015,-0.054600783,-0.092320964,-0.04645475,0.007844586,-0.027187204,-0.26681364,-0.0045817783,-0.0052510537,0.06203974
168,143,",",0.0052497806,-0.002046994,0.0064959284,0.011540705,-0.026703632,0.02678781,0.01443289,-0.028634965,0.02682256,-0.020163104,-0.007827001,-0.07754481
169,143,▁que,0.22837515,0.19325513,0.5255741,0.09247133,0.07826525,0.1581926,0.24040931,0.21678938,0.22659206,0.17136769,-0.18199858,-0.12583926
170,143,ixo,0.20028026,0.21369442,0.35698164,0.12939084,0.011324633,-0.0051888376,0.1542503,0.13572173,-0.33367804,0.14058192,0.08567828,0.0681761
171,143,▁quadra,-0.058439963,-0.031942777,-0.10981992,-0.021547824,-0.043669388,0.026845858,-0.0009671934,-0.03134609,-0.054060034,0.029337443,-0.025801603,0.13994192
172,143,do,-0.015520057,-0.00030022115,-0.0775246,0.11302629,0.08372395,-0.04482905,-0.03217031,0.008601233,-0.013446014,-0.008230703,0.15224172,0.07117242
173,143,▁kkkkkk,0.30391967,0.31990266,0.756687,0.29867604,0.07113222,0.20507233,0.22311343,0.35059923,0.25906187,0.2713145,-0.25876176,-0.29027465
174,143,kkkkkkkkkkkkkkkk,-0.07975063,-0.00028538238,-0.27756265,-0.09105267,-0.109633476,-0.13301602,-0.06485758,-0.038776375,-0.23326024,-0.0744446,0.37081227,0.09327522
175,143,kkkkkkkkkkkkkkkk,-0.08734041,0.02482986,-0.5482836,-0.09003843,-0.077054456,-0.33644104,-0.070162065,0.01946712,-0.020340662,-0.050625507,0.6276736,0.2860797
176,143,▁🤣🤣,-0.12903872,-0.055414367,-0.29660165,0.008204909,0.048898056,-0.07370868,-0.21218699,-0.07296651,-0.09042953,-0.10261353,0.40869752,-0.117354125
177,2759,▁quem,0.57705826,0.8209188,0.20412567,0.43575317,0.3060047,0.27795768,0.6177931,0.7288085,0.8893436,0.8568101,1.1717784,-0.41539478
178,2759,▁foi,0.281857,0.49583477,0.11282988,0.23330846,0.16641718,0.3208877,0.30583477,0.5011351,0.5888836,0.55688196,0.84861124,-1.207365
179,2759,▁a,0.27527165,0.3175528,0.3570598,0.19739531,0.122939706,0.18124674,0.31951684,0.2940997,0.9497328,0.31875783,0.28407127,-0.59944916
180,2759,▁ja,-1.0342867,-1.1621366,-0.37606966,-0.8209699,-0.72732323,-0.6118907,-1.372148,-1.2947149,-1.4430997,-1.3478165,-1.3680239,1.6209589
181,2759,guara,0.5797706,0.703589,0.41686156,0.31744936,0.18205853,0.44131723,0.9539984,0.62390196,0.4552571,0.41561437,0.94449914,-0.6505028
182,2759,▁q,0.03890223,0.024699219,-0.16821352,0.003914781,-0.025163785,0.10585174,0.14306757,0.1952382,0.22351277,0.24445727,-0.10188665,-0.59534746
183,2759,▁tirou,0.46536723,0.6359509,-0.05240612,0.4685399,0.19806433,0.039880708,0.62891173,0.6895001,0.34692538,0.7046646,0.7490405,-0.2916556
184,2759,▁essa,0.44562846,0.7436436,0.32687783,0.2954625,0.38990515,0.34246802,0.45514238,0.6445174,1.1538049,0.6899314,1.2243891,-1.3609861
185,2759,▁for,0.030801315,-0.079602435,-0.08954918,0.01058099,-0.06496741,-0.07119512,-0.0060765147,-0.07547362,0.051969357,0.005012937,-0.28313166,0.27680442
186,2759,o,0.15988043,0.17061748,0.060462646,0.10441396,0.13752602,-0.0054106377,0.20559071,0.2270124,0.32070702,0.2664817,0.20123895,-0.0988082
187,2759,▁eu,0.08069645,0.02355102,-0.04514578,0.043379445,0.10377153,0.02743472,0.15041837,0.111166745,0.12564665,0.1424713,-0.20221499,0.11567484
188,2759,▁vou,0.18716472,0.40893838,-0.048252508,0.11386077,0.19760373,0.21170455,0.33934146,0.43806487,0.42512226,0.33000436,0.83044684,-0.648922
189,2759,▁te,0.15521441,0.32019144,0.07129889,0.06800308,0.12967074,0.25591075,0.2634288,0.27687797,0.4334855,0.1919275,0.80069834,-0.8918823
190,2759,▁caça,0.33556575,0.05963064,-0.06904068,0.38735855,0.079567045,-0.32359937,0.381323,0.31587872,0.19833043,0.46673685,-0.96002054,1.1183662
191,2759,r,0.23034129,0.25385687,0.108948365,0.20999448,0.22683685,0.16963917,0.31395802,0.28668958,0.7636896,0.2640496,0.23642032,-0.568725
192,2759,▁sua,0.8772174,1.0680193,0.66739064,0.7625882,0.48040512,0.91995543,1.1103511,1.1161273,2.7614994,0.8803369,1.2545224,-2.276246
193,2759,▁puta,0.26613617,-0.2916155,0.443574,0.55847955,-0.56744325,-0.46075892,0.11040771,0.020874321,2.4237888,-0.19309044,-2.3228383,1.1089983
194,2759,▁no,1.2327862,1.230143,0.70238274,1.1760032,1.0715317,1.1288011,1.2621921,1.2789594,2.5729332,1.2090125,0.28460163,-1.7027639
195,2759,jen,-0.72194815,-0.9804717,-0.47562045,-0.7734844,-0.8971397,-1.2192996,-1.107906,-1.1540515,-1.7542639,-0.9465106,-0.91569555,3.1874666
196,2759,t,-0.06895742,-0.20930356,0.048516937,-0.11283398,-0.36996686,-0.34711224,-0.07038945,-0.22540611,-0.11017756,-0.102873266,-0.55089325,1.1819438
197,2759,▁ai,0.001898447,0.09066659,-0.077191494,0.07954681,0.14864907,0.3262571,0.103401914,0.023055445,0.15627705,0.0878481,0.19019663,-0.31027305
198,2759,▁q,-0.07689388,-0.12520713,-0.012804726,-0.123137355,0.007294029,-0.16784987,-0.08001715,-0.13859525,0.16742888,-0.09168963,-0.12722534,0.35965562
199,2759,▁ódio,0.08494041,-0.15562218,-0.19692713,0.39076298,0.08254099,-0.21284904,0.18860078,0.15688287,1.4550021,0.502898,-1.0185673,-0.45382702
200,3714,▁A,-0.8870809,-0.25226393,-0.9650384,-1.466651,-1.7029766,-0.1891759,-0.76890373,-0.24057068,-4.696704,-0.39606628,-2.1424046,4.668914
201,3714,▁cara,0.18656687,0.36702526,-0.053481072,0.21446931,-0.17421404,0.50621676,0.5927824,0.57470053,-0.49181777,0.4775715,-1.8191433,1.0717195
202,3714,▁de,-0.2034576,0.32022774,-0.25793847,-0.18935214,-0.51046675,0.21166822,0.090806335,0.38766962,-1.9094219,0.13968982,-1.556279,2.1365614
203,3714,▁frustra,0.3785689,0.41072726,-0.081745364,0.58229965,0.8385955,0.10006203,0.49302557,0.4796955,0.20037693,0.52680874,-0.35339427,0.35263437
204,3714,ção,0.31533426,0.608273,-0.21715388,0.43452173,0.5794359,0.43805498,0.773891,0.78670543,-0.9739235,0.712592,-1.0775578,1.4571899
205,3714,▁da,0.017377429,0.17910375,-0.34122455,0.09903985,0.29952714,0.30353585,0.045290925,0.31532452,-0.09816274,0.3797999,-0.46928713,0.36551487
206,3714,▁vagabunda,3.0558567,-0.17305635,4.1944213,3.5080976,3.8520255,2.5400152,1.6296623,0.5263288,22.356295,0.12515719,6.5220003,-22.944714
207,3714,.,-1.8136759,-0.55190504,-0.9411688,-2.75369,-3.6292648,-0.30949837,-0.31756666,-1.2990257,-6.0749516,-0.7519377,-3.1035182,4.4531293
208,3714,😒😂,-0.37507138,-0.1352757,-0.48729843,-0.869506,-0.94283867,-0.2354008,-0.23914872,-0.17285103,-2.4892263,-0.13778669,-1.3710749,2.7963157
209,63,@USER,-0.049373258,0.0040806234,-0.09641811,0.043460153,0.0929181,0.15489408,-0.08061423,-0.052476287,-0.035014413,0.06704824,-0.18771127,0.049060225
210,63,▁faz,2.167499,2.2856622,1.3985716,2.6091511,2.0428336,9.378994,1.6759446,2.1954274,1.1548984,1.9587314,-0.40817124,-8.340645
211,63,▁o,0.0002691187,0.2223948,-0.13953666,0.02149266,0.37868658,0.83006895,-0.01996046,0.32415527,-0.44834372,0.3128323,-0.9274187,-0.3252771
212,63,▁l,-0.89043283,-0.39347783,-1.1386566,-0.66070616,-0.9886112,-0.5456078,-0.7907221,-0.710795,-1.6184826,0.022640593,-0.8480967,2.190794
213,63,▁caralho,-1.3258606,-1.3271682,-1.2514309,-1.692305,-1.5638195,-7.3946013,-0.9579795,-1.426202,-1.1387169,-0.90273166,-0.5931591,7.322268
214,63,ooo,-0.03437768,0.2089915,-0.3401032,-0.23985076,-0.2375585,-0.5964633,0.28097588,0.216249,-0.7785772,0.2853231,-0.38494155,2.1005306
215,5023,▁CANAL,0.57962126,0.66339034,0.00083170086,0.39312512,0.3405475,1.8943579,0.20320624,0.55831945,-0.47914875,0.7431992,0.10198218,-1.0407497
216,5023,HAS,0.24039981,0.20269763,0.1701231,0.22530572,0.48930666,1.2763275,0.19630474,0.08178728,0.5142764,-0.039752625,0.25600404,-1.5322566
217,5023,.,0.74364114,0.74536,0.4731821,0.747123,0.40739453,0.98637044,1.1935748,0.9563646,0.28969163,0.89720374,-1.8482877,1.2218804
218,5023,",",-0.51693547,-0.4754858,-0.36974767,-0.6598296,-1.046823,-1.4712596,-0.4735692,-0.29373848,-0.83649147,-0.57115674,-0.14330448,1.7642199
219,5023,PET,-0.052066505,0.16057365,-0.14246044,-0.10634214,-0.9693749,-0.48985344,0.3187424,0.5470673,-1.3983922,0.088878095,-1.4114491,2.8987346
220,5023,RAL,0.6793052,1.0943362,0.41466367,0.95740044,0.66003895,5.5818744,0.71488583,1.1207154,0.29300702,0.40996855,0.9351949,-4.808775
221,5023,HAS,1.5744543,2.073485,1.2238894,2.0197024,1.4587246,8.402309,1.6244086,1.8249581,0.93647,1.5506885,1.3081014,-7.611508
222,5023,.,-0.28209347,-0.009095974,-0.888828,-0.45994997,-0.9127482,0.7197373,0.020769939,0.1944721,-1.5102408,0.25121766,-1.7902564,1.4998273
223,5023,!,0.98419935,0.90152526,0.14622432,0.8228227,-0.073861524,1.7049416,0.76170385,1.192986,-0.064337745,1.5623202,-0.83532494,-0.19603711
224,5054,▁Bom,0.6114663,0.6565863,0.41573066,0.5898473,0.49182808,1.7347447,0.5602311,0.7754127,-0.32116088,0.6326957,-0.89881516,-0.8611619
225,5054,▁dia,0.28248873,0.3180499,0.22228914,0.18666491,0.07501399,0.8196713,0.1845906,0.3595472,0.05768263,0.32413244,-0.49748838,-0.3513807
226,5054,▁,0.040151715,0.09019709,-0.032910254,0.033225436,-0.039714888,-0.10034461,0.0043786396,0.06179245,-0.15667081,0.008559614,0.42009923,0.25247595
227,5054,!!!,-0.05963715,-0.1488585,0.019077782,-0.047569823,0.012051284,-0.13826673,-0.21332428,-0.13592798,0.12254743,-0.18017784,-0.027098406,-0.049594034
228,5054,▁Não,0.09586156,0.07724262,0.039593786,0.19929829,0.25720036,0.5336804,0.06665462,0.09664817,0.27573836,0.11577442,-0.15596297,-0.3459058
229,5054,▁é,0.31107032,0.370959,0.20353399,0.38708678,0.3077592,0.8127396,0.26689965,0.33313555,0.088630125,0.27603087,-0.06027449,-0.48085183
230,5054,▁a,-0.000686883,0.062926106,0.012324967,-0.066782996,-0.117158696,0.053278916,-0.013634943,0.0058211973,-0.13334595,0.0076158047,0.2550683,0.018441105
231,5054,▁to,0.115368664,0.11189474,0.0846888,0.21520194,0.06377548,0.27806458,0.08183093,0.1170007,-0.009471515,0.07300385,0.015335329,-0.1844259
232,5054,a,0.14210573,0.1543333,0.070692174,0.13217081,-0.021132872,0.31715953,0.115921676,0.103350915,-0.06727209,0.16709918,0.12794745,-0.21065699
233,5054,▁que,0.115850754,0.11384383,0.05371776,0.11654219,0.075493366,0.29687542,0.085858814,0.11286935,-0.13696432,0.099865764,-0.01215357,-0.16171357
234,5054,▁os,0.063770294,0.094843276,-0.043996576,0.013339225,0.09744868,0.45038512,0.07905975,0.07272299,-0.17183712,0.11689006,-0.031953476,-0.17232026
235,5054,"▁""",-0.26920125,-0.18133718,-0.21577659,-0.34568447,-0.44672728,-0.5703068,-0.20489427,-0.20613882,-0.49134895,-0.20653787,0.18653312,0.56673247
236,5054,ativ,0.4331219,0.47248936,0.119666845,0.19659899,0.32388756,1.7366011,0.613963,0.7330685,0.67489386,0.4541952,-1.2088065,-0.50799394
237,5054,istas,0.34025902,0.44916332,0.09255034,0.33184704,0.32861325,1.5465147,0.3039198,0.555552,-0.029290527,0.3687427,-0.49133027,-0.66738737
238,5054,▁esquerdo,0.15693891,0.524361,-0.71850204,-0.8237695,-0.3520236,2.329897,1.4809659,1.061167,-1.9994447,0.4353044,-1.0874605,0.84057814
239,5054,pata,0.4160149,0.58597666,0.09436569,0.33999836,0.11840944,2.0600986,0.8549471,0.6982335,-0.11985637,0.47008616,0.052233003,-0.7621758
240,5054,s,-0.3002582,-0.2921507,-0.20208739,-0.36854514,-0.41924334,-0.73594344,-0.33349028,-0.3056288,-0.35843438,-0.23919407,0.069924146,0.61388797
241,5054,"""",0.5145713,0.5352204,0.1743046,0.5576049,0.21183777,1.6442449,0.72042143,0.59399533,0.06520116,0.3541441,-0.040569447,-0.7016528
242,5054,▁fazem,-0.095838144,-0.067261234,-0.20845072,-0.1322076,-0.12661943,0.0056693405,0.03316928,-0.013617564,-0.21526624,-0.050775584,-0.16575396,0.26023495
243,5054,▁protesto,0.15849969,0.12267956,0.11122212,-0.11841447,0.1047551,-0.005050987,0.54696596,0.086537674,-0.30461255,0.17268236,0.6207866,-0.20534384
244,5054,s,-0.050948754,-0.05215884,-0.06272721,-0.059305064,-0.06748138,0.056222413,-0.06617551,-0.030750234,-0.13391533,-0.03564203,-0.18334311,0.10156435
245,5054,▁contra,-0.1814626,-0.014719365,-0.22895944,-0.3243634,-0.23341374,0.2948881,0.23946473,0.0993097,-0.63245344,0.044985816,-0.26040062,0.329606
246,5054,▁o,0.04682284,0.052558906,0.05573662,0.010783283,-0.2010864,0.23353067,0.015280392,0.06379109,-0.28169465,0.016427094,-0.05017448,0.015675763
247,5054,▁Presidente,0.16575988,0.23720068,0.039586164,0.0018486828,0.08625177,0.5966531,0.26809227,0.28954363,-0.9907914,0.06951881,-0.33247867,0.074043766
248,5054,▁#,0.15694344,0.1884078,0.06765722,0.1819143,0.044140328,0.47395828,0.19656955,0.20447168,-0.251831,0.20510939,-0.038547747,-0.26243192
249,5054,TRUMP,0.5771127,0.5556367,0.46416068,0.57792604,0.1057751,1.335644,0.59688365,0.6095898,0.15673873,0.42202547,-0.12636685,-0.7553731
250,5054,.,-0.24215066,-0.3126421,-0.09917109,-0.36626306,-0.21159424,-0.4561051,-0.18114716,-0.3607155,-0.032213204,-0.2720698,-0.03146618,-0.0027121725
251,5124,▁E,0.024160393,-0.025373233,-0.008243287,0.07525655,-0.04321092,-0.023609817,0.0057276944,0.009453224,0.049572036,0.08050956,-0.4643026,0.15957376
252,5124,▁Bozo,0.4585575,0.44081092,0.25857127,0.24385108,-0.01286901,1.5255088,0.44698876,0.7415639,0.1470608,0.31783086,-0.5254561,-0.8568568
253,5124,min,-0.009037282,0.012134828,0.01917352,0.0153623,0.050275166,0.40053055,0.102472596,0.06774294,0.037420437,0.003245253,-0.25105953,-0.18055142
254,5124,ions,-0.11902064,-0.023657173,-0.14071119,0.039663255,-0.051306404,0.16617212,0.036979403,-0.04157853,-0.2903327,0.016235009,-0.8299157,0.52111304
255,5124,▁defendendo,0.024327353,-0.0148766935,-0.17993729,-0.05905304,-0.009808143,0.4454417,0.10013931,0.16768497,-0.3191847,0.031575195,-0.6744531,0.124099016
256,5124,▁pacote,-0.243382,-0.2386297,-0.20850234,-0.29522318,0.099331394,-1.6821349,-0.009080568,-0.28872275,-0.39872402,0.020114742,-0.73903096,2.1346455
257,5124,▁anti,0.020313693,0.0122679025,0.05279675,-0.10122444,0.008176569,-0.3339445,-0.029700477,0.081165545,-0.099425256,0.093777485,-0.46686834,0.6733295
258,5124,▁crime,0.20395994,0.27011722,0.23192613,0.19627547,0.20835352,0.49585152,0.23980185,0.46129623,0.0007684566,0.1293527,-0.08323844,-0.30643597
259,5124,▁de,-0.028694691,0.006673282,-0.054247163,-0.047889266,-0.05981244,-0.027381934,0.0120454915,-0.015176397,-0.20112848,0.017214123,0.09555667,0.2015161
260,5124,▁um,0.032457206,0.11447599,-0.008826293,0.016447553,0.040052287,0.36952534,0.030239508,0.15897286,-0.14072594,-0.0073716063,0.21502504,-0.21583784
261,5124,▁juiz,0.13826917,0.20440081,0.07830313,-0.046422746,0.17858495,0.46078923,-0.0035406277,0.2023598,-0.049432285,-0.05409289,0.9777669,-0.5225093
262,5124,▁corrupto,0.12805122,0.12680613,0.09976089,-0.2618535,-0.12954749,-0.12788984,0.28993738,0.13346747,-0.27075493,0.23400645,-0.3942332,0.5839876
263,5124,",",-0.022605404,-0.06127685,-0.026917161,-0.06896466,-0.0387413,0.04509485,-0.0046002395,-0.041262843,0.06103888,-0.00036023522,-0.16228843,-0.025127232
264,5124,▁,0.019946419,0.022560883,0.017492197,-0.019078184,-0.024041262,0.10816608,0.0110092,0.039388575,-0.0027460335,0.032689996,0.0068596676,-0.06779716
265,5124,exclude,0.06281398,0.23991239,0.16629526,-0.009233469,0.068697914,-0.09185128,0.11491145,0.23023327,-0.47760049,0.036749467,0.23482083,0.6074406
266,5124,nte,0.020344662,0.04098793,0.0097225495,0.032422386,-0.032786727,0.4071679,0.019293558,0.0876157,0.027063513,0.02818929,-0.24894851,-0.19102728
267,5124,▁de,-0.07962097,-0.06444574,-0.09496789,-0.08691086,-0.09454492,-0.13436739,-0.034463495,-0.086303234,-0.10252628,-0.025944311,-0.15086867,0.2921037
268,5124,▁il,-0.031864807,-0.017106285,-0.0335608,0.021220982,-0.036065463,0.13621263,-0.034519464,-0.02948837,-0.06351065,-0.02476202,-0.10650819,-0.04634586
269,5124,ic,-0.25763825,-0.22100773,-0.20083645,-0.035212703,-0.04772763,-1.2705905,-0.116848774,-0.41195595,-0.21600729,-0.11555104,0.086310275,1.2898574
270,5124,itude,-0.08686988,-0.095883936,-0.16914977,-0.12273422,-0.010560203,-0.4735415,-0.025895242,-0.11098229,-0.18626978,0.01042708,-0.21022905,0.7379179
271,5124,.,0.10276836,0.10823062,0.042015344,0.27522558,0.072794326,0.10182955,0.15601285,0.056115247,0.25839874,0.052750245,-0.13050911,0.03591138
272,5124,▁Meu,0.0969978,0.12838976,0.038694274,0.07664713,0.015798539,0.7158412,0.11531681,0.16588873,-0.2081838,0.2338279,-0.4327753,-0.11961648
273,5124,▁ovo,0.350313,0.3468839,0.18238375,0.18981327,-0.14971489,1.1468321,0.43687123,0.3966242,0.02897089,0.37798676,-0.25146624,-0.2756432
274,5124,.,0.04744681,-0.0058964984,0.029696409,0.051491193,-0.015171118,0.07255199,0.08507971,0.035249557,0.15933259,0.029012501,-0.15773386,-0.043375734
275,5151,▁agora,-0.3878018,-0.124412626,-0.38152164,-0.2298811,-0.7381741,-0.17853001,-0.60015494,-0.30463406,-0.7952243,-0.1525605,0.1674698,1.0881975
276,5151,▁sim,0.25221294,0.31194705,-0.08540551,0.14215337,0.5295502,-0.050017305,0.6164104,0.2784249,0.5362185,1.4162701,0.062544726,-0.09230524
277,5151,▁esse,0.531957,0.7344527,0.3515265,0.6045289,0.9518766,0.7072987,0.83606493,0.6049587,0.51220727,2.0439837,0.49278918,-1.555794
278,5151,▁latino,5.02026,3.184251,2.2854629,3.9835439,3.3568625,5.091748,9.444129,4.786281,1.8862,9.961241,0.040380627,-4.4486594
279,5151,s,0.6802239,0.1051371,0.35952362,0.7005142,1.0355994,-0.67914844,2.38872,0.44935238,0.23442642,0.6272049,-0.9519212,-0.5290481
280,5151,▁imun,0.66864765,0.96663,0.25725946,1.0849648,0.27940968,0.61627316,0.60768723,0.812521,0.585651,3.1776829,1.5653093,-1.4756724
281,5151,dos,-0.18478005,0.003422998,-0.5374789,-0.14848976,0.043489248,0.053951968,0.14737177,0.15601204,-0.5837314,0.30593976,-0.6234002,0.46796104
282,5151,▁vão,-0.7875466,-0.53984344,-0.7653098,-0.6844425,-0.05950913,-0.612154,-0.8184148,-0.7369391,-0.69365776,-1.6622953,0.15188336,0.6568247
283,5151,▁parar,-0.18945822,-0.082238495,-0.22869056,0.023216024,0.2032007,0.024934515,0.39544168,-0.21097425,-0.79399014,-0.7664054,-0.04220535,0.29691553
284,5151,▁de,0.19905469,0.20741841,0.2827986,0.15520142,0.1961807,0.06073876,0.61697704,0.10654086,-0.22779614,0.18550889,-0.017800912,-0.055501696
285,5151,▁tentar,-0.39753118,-0.31268212,-0.13696358,-0.541834,-0.096307844,-0.4384497,-0.025872532,-0.12310025,-0.6992431,-0.9182963,-0.83370143,1.1686741
286,5151,▁entrar,-0.050167397,0.23583919,-0.2752779,-0.19198188,0.010519125,-0.077606246,-0.41377163,0.30483064,-0.13669881,2.0895617,-0.035471812,0.8670613
287,5151,▁nos,-0.08023026,0.21611227,-0.095085904,-0.05530005,-0.42770594,-0.013073109,0.41739857,0.3977746,-0.6892876,1.0487759,-1.4028168,0.24795209
288,5151,▁EUA,0.17459475,0.5391409,-0.24530837,0.42597428,0.38512844,0.72358274,0.6244149,0.46673253,-0.49312323,0.9623435,0.43577182,-1.2821816
289,5151,▁#,0.24954417,0.038936142,0.3084,0.21595426,0.02887683,-0.011859257,0.16288999,0.15310425,0.37107316,-0.014210995,-0.6198034,-0.08015069
290,5151,Trump,0.30209166,-0.12734228,0.32114562,0.19754517,0.32103807,-0.1657131,0.93690634,0.1892767,1.3439876,-0.46870536,-0.3720441,-0.5957445
291,5960,▁que,0.18049183,0.5844338,-0.0502923,0.57812357,0.071156874,0.8944433,1.2399554,0.9290037,0.045978405,0.6563537,-2.2524223,-0.77941215
292,5960,▁preto,6.457198,6.401332,6.7106776,5.1574507,4.3016105,5.296156,17.775547,5.820779,1.9145603,5.0809817,1.9343488,-8.934291
293,5960,▁do,1.0235959,1.0943847,-0.009561855,0.79962903,0.30975845,0.7571394,2.4061363,1.0347326,0.69290185,1.3602185,0.18001974,-0.07217875
294,5960,▁caralho,0.6937834,1.095105,0.06573146,0.559603,0.45603782,0.6579799,2.0918508,0.60292685,0.7981757,0.6912209,3.3218625,-1.9840114
295,5960,",",-0.14246087,0.19102897,-0.07023369,0.11208169,-0.06973097,0.3098998,0.16877168,0.28142104,0.013964444,0.16101372,-1.2294046,0.009940192
296,5960,▁vai,-0.42621046,0.0036270507,-1.0212016,-0.32506388,-0.04171188,0.26585433,-0.2837076,0.049710702,-0.34309214,-0.06671843,0.49257258,0.25761876
297,5960,▁se,-0.15240897,0.045980792,-0.024858769,-0.2621547,-0.28583753,0.16347848,0.1128179,0.032387305,-0.0964956,0.014864206,0.09618588,0.2497843
298,5960,▁fuder,0.50696445,0.18766415,0.111013114,0.12375486,0.029977664,-0.2628007,0.70063454,0.0006912425,-0.033668425,0.10782319,1.8395712,0.38031992
299,6845,▁nada,0.021628123,0.13519368,-0.297881,0.11948048,0.866137,0.4769533,1.5025449,0.35940632,0.70585465,-0.75141287,-0.02030389,-1.7959313
300,6845,▁contra,-0.50658745,-0.83716714,-1.6101251,-1.2507374,-2.401645,-1.0635762,-2.1287146,0.022150904,-0.9111512,0.83805513,-1.0303005,3.7696798
301,6845,▁negros,1.7606587,0.74455166,1.2159529,0.5881824,0.5049332,0.5078799,4.0565724,0.8342011,2.768312,-2.5586371,0.88639724,-0.36809552
302,6845,▁mas,0.18616158,0.2758216,-0.1349591,0.056122743,0.44553262,-0.19323659,0.3944802,0.08559773,0.036527492,0.2636565,1.0176334,0.008160658
303,6845,▁minha,0.30290258,0.5311882,0.32661307,0.25429186,0.61768645,0.06466505,0.77329826,0.33659095,0.058165096,0.6397404,1.1298311,-0.70604634
304,6845,▁filha,0.19617213,0.5890842,0.3738795,0.11286557,-0.25046784,-0.42049432,0.60299087,-0.021062404,-0.7003667,-0.12454033,1.7385885,1.0212342
305,6845,▁não,-0.26759717,-0.13577789,-0.28351343,-0.46393123,-0.65039563,-0.35333407,-0.4217354,-0.1306965,-0.5088333,-0.43729416,-0.3816607,1.479825
306,6845,▁vai,0.066963196,-0.042358335,-0.11665176,-0.19770025,-0.33731228,-0.3537441,-0.21972951,-0.13527322,-0.53304446,0.15196618,0.30286306,1.1376896
307,6845,▁trazer,0.32548147,0.03975077,-0.0049163103,0.1004669,-0.3437329,-0.07491068,-0.06975362,0.15650015,-0.5772892,0.503005,-0.030871361,1.2169764
308,6845,▁bandido,-0.23976406,0.101051085,0.044149324,-0.37098092,0.38046676,-0.7520944,0.13490658,-0.22317024,-0.1629639,-2.0104256,1.9713961,1.1932156
309,6845,▁pra,0.40864182,0.36889017,0.29909,0.48227617,0.31124336,0.0765778,0.5511519,0.28822595,0.23183407,1.1024241,0.41359305,-0.51995647
310,6845,▁casa,0.3843344,0.38516295,0.19332528,0.5339005,0.579146,0.1482999,0.7566948,0.27691752,0.3660097,1.3220015,0.69494146,-1.2988094
311,6845,▁não,0.12564336,-0.05404018,0.12151003,0.086037844,-0.33104423,0.3426965,0.18074526,0.014193617,0.050521486,-0.09663158,-1.1498536,-0.10349041
312,6845,...............,0.6703078,0.6908932,-0.23323135,0.4884295,-0.49778396,0.78939664,0.7768255,0.68190575,-0.7852204,2.7236166,1.262567,-1.0478995
313,7663,@USER,-0.021919632,0.15179987,-0.19505236,0.043231584,-0.10225923,0.07015025,-0.024655618,0.09983282,-0.44282278,0.059204698,-0.21146293,0.3925942
314,7663,@USER,-0.051527597,0.007967338,-0.050024733,-0.009070292,-0.031361766,0.17202088,0.027459815,0.003161706,-0.25813013,-0.23044185,0.1832481,-0.17623714
315,7663,▁vai,-0.9299278,-0.6753135,-1.4348056,-1.0507512,-1.5564237,-0.7980777,-2.6320336,-0.72006476,-0.89210886,-0.21697111,-0.038428277,2.638063
316,7663,▁caça,0.76177883,2.8606339,0.9883084,-0.26194328,-0.43718895,1.0629051,0.30534375,1.1126413,-5.8457913,2.336135,-1.7467875,5.42583
317,7663,r,0.6097313,1.0508301,-0.07867545,0.1349884,0.7591531,0.064815514,2.1942863,1.3734753,-2.1868908,2.6046968,-8.629309,7.0187006
318,7663,▁uma,-0.122483745,0.14037666,0.6117592,-0.11306657,0.3701786,0.13956627,0.1689587,-0.14293274,1.128634,-0.6620878,0.87037563,-1.9507204
319,7663,▁rola,2.5425138,2.2589,0.96845937,1.9485955,2.1985543,1.2430754,6.536276,2.3115828,1.1370056,2.5832152,1.4934127,-0.60668606
320,7663,",",0.104096256,0.09046451,-0.927102,-0.035421982,0.32747605,0.15687823,1.923593,0.41955745,-0.0413827,0.18448675,-0.10174224,-0.331433
321,7663,▁vai,0.68137467,1.0437658,1.1727924,1.0631425,1.2422938,0.8136407,3.5271075,0.57724756,1.6948614,-0.262006,0.6748648,-3.5172043
322,7663,▁mu,0.3692455,-0.27471346,-0.10684389,-0.35380882,-1.2821741,-0.89780676,-2.0171232,-0.6308566,-2.4842038,0.50086415,-2.5730863,4.6000075
323,7663,lambo,3.4403834,4.614268,5.472408,2.454563,1.4951272,1.8195413,10.613343,2.215646,4.640153,1.7505734,6.853348,-7.584469
324,7663,.,-0.3447352,-0.10855906,-0.9465327,-0.12617989,-0.43528104,0.06154456,-0.52130914,-0.12444419,-0.41030163,-0.13742515,1.2477279,-0.89309543
325,6843,▁morra,-0.36066508,0.169658,-1.9224243,-1.4609393,-2.2895858,0.72948253,-0.019607425,-0.19782639,0.16988087,-0.7110599,5.4698067,-1.2416251
326,6843,▁macaco,5.0978174,3.199738,9.237692,4.7347,4.8007655,0.7622479,3.6130533,2.6730847,-2.480925,1.9252422,-2.0065413,-2.4769902
327,1280,▁O,-0.31124562,-0.4114867,-0.25841922,-0.6648374,-0.91882086,-0.030569687,-0.2990665,-0.785864,-0.7687937,-0.89675593,-0.8366269,1.7102482
328,1280,▁dia,0.28577214,0.24969985,0.31635895,-0.09570575,-0.040501505,0.32332432,0.29722434,0.9431073,-0.0023678988,0.7309583,-0.043648306,-0.3745075
329,1280,▁que,0.11539206,-0.06050898,-0.020143252,-0.25439537,-0.3333801,0.21389666,0.03815129,0.082684875,-0.1713856,-0.041204765,-0.2851497,0.38712198
330,1280,▁todos,1.0950334,1.0811354,0.83080345,0.87056625,1.4445863,0.54841036,0.8299467,3.3458452,0.48457068,2.163517,0.4862513,-2.6589556
331,1280,▁os,0.28536174,0.07355506,0.22552946,0.07569243,0.13400458,0.17795828,0.2423647,0.9724568,-0.051451728,0.01191549,-0.13409781,0.0074673593
332,1280,▁mu,0.18695974,0.14155817,0.5107492,-0.09087908,-0.04609698,0.58217907,0.14680624,1.4834323,0.50117785,-0.62913954,-0.041388765,1.2102339
333,1280,çu,-0.6215873,-0.8272904,-0.4408961,-1.1552784,-0.9189123,-0.11912766,-0.6441737,-2.5047493,-0.18376571,-1.0579476,-0.5542761,2.62251
334,1280,lman,0.81952775,0.6883225,1.1465198,0.032434404,0.14836204,1.3361192,1.6458802,4.83119,0.51489913,0.93500507,0.037437856,-0.13039792
335,1280,os,0.7627462,0.8396416,0.7312542,0.64071786,0.80359316,0.48669583,0.4428356,3.09935,0.43734717,1.9179556,0.21912272,-1.8719589
336,1280,▁morrer,-0.62943923,-0.6196635,-0.5662043,-0.9818764,-0.79292613,-0.24674991,-0.9824139,-1.7511992,-0.84748775,-2.4015236,-0.6002937,2.8762078
337,1280,",",-0.0037556216,-0.3095239,-0.060296297,-0.12184905,-0.1093657,-0.4265902,0.28445286,-0.644031,-1.0392461,-0.6328361,-0.86815643,0.89221966
338,1280,cer,-1.291562,-1.3943436,-1.2259138,-1.111336,-1.6256735,-0.7228755,-1.1022259,-4.354727,-1.3637679,-3.4185488,-1.181318,3.8615382
339,1280,te,-0.8092602,-0.9766339,-0.74728596,-0.49450284,-1.9458854,-0.5100844,-1.1071923,-2.6489472,-1.1527845,-2.8411503,-1.5503287,3.3024898
340,1280,za,-0.26600677,-0.19170672,-0.26813918,-0.023094721,-0.6534151,0.14320366,-0.56793976,-0.73604876,-0.43993747,-1.1284627,-0.44225928,1.0909262
341,1280,▁que,0.16371304,0.1205736,0.13261405,0.2358392,0.03362359,0.06750661,0.09984672,-0.088249564,-0.21020144,0.37489858,0.033077676,-0.29942018
342,1280,▁o,0.49816668,0.63325906,0.5285074,0.65597886,0.67819536,0.35317278,0.4900234,1.366534,0.39354974,1.2275745,0.65203357,-1.3382902
343,1280,▁inferno,0.48362052,0.61660385,0.43871185,0.4766246,0.6000786,0.67044747,0.4494596,1.8466644,0.0043385476,-0.28722072,0.07365297,-0.2818839
344,1280,▁vai,0.60146964,0.5244316,0.38677242,0.42796504,0.3649399,0.5771718,0.5386438,1.8587186,0.18670325,1.543508,0.21627244,-1.429366
345,1280,▁sobre,-1.6300043,-1.69998,-1.4261762,-1.2000442,-1.4835877,-1.2013087,-1.2273474,-5.8047886,-1.0378793,-3.9485204,-0.69090843,3.9786751
346,1280,carrega,1.9113612,2.1764154,1.4505475,1.6032802,1.3422881,1.4253696,0.99233514,6.5448017,0.6639936,5.6054916,0.9567894,-4.823867
347,1280,r,-0.123703405,-0.17001332,-0.14670269,-0.052817535,-0.143849,-0.09776319,0.0013571065,-0.6671126,-0.29763272,-0.49311227,-0.24797997,0.5678918
348,1280,.,-0.15306424,-0.115740046,-0.1451172,-0.14305809,-0.31985518,-0.057485096,-0.046179667,-0.38929614,-0.14808983,-0.15051845,-0.12108567,0.23280722
349,8008,▁Eu,0.13775846,0.27148712,-0.27465844,-0.010683529,-0.08539874,0.20286754,0.25397325,0.43617567,-0.61991084,0.3542133,-0.919805,1.1434135
350,8008,▁arro,0.15093379,-0.02567247,0.461164,0.3089776,0.45191872,0.17579673,-0.12984186,-0.105623126,0.9241227,-0.13593985,1.0987797,-1.6071801
351,8008,to,0.017123006,-0.061303623,0.020931795,0.010312112,0.013145156,0.09735449,0.038066193,0.03155058,0.30810553,-0.05835941,-0.27666304,-0.14424063
352,8008,▁mesmo,0.22841096,0.17115557,0.45758852,0.4518187,0.37714946,0.42310926,-0.05462528,0.15274395,1.1684518,-0.0030449405,-0.23078087,-0.67356163
353,8008,▁pq,0.13270773,0.232582,0.16046011,0.13975807,-0.13446969,0.49438977,0.42168817,0.43466306,-0.16369295,0.30250317,-1.0479771,0.27278638
354,8008,▁quem,-0.13036357,-0.11412523,-0.1366647,-0.0314832,-0.020810634,-0.07618639,0.030212043,-0.12960897,0.021490566,-0.043124095,-0.17032655,0.3174048
355,8008,▁en,0.23327568,0.71079034,-2.6373425,-1.2401028,-2.0625086,-0.39570063,1.9980587,1.470922,-5.4328656,2.2821622,-4.773141,8.03196
356,8008,gole,0.19973224,0.4668477,-1.1686853,-0.42587134,-0.8046763,0.075935826,1.2353603,0.8261251,-2.3608434,1.1553344,-2.5769763,4.0752783
357,8008,▁,-0.24895316,-0.004963208,-0.4476392,-0.63423026,-0.75453144,0.09895933,0.37691608,0.13703732,-1.5185442,0.30450588,-1.4776806,1.769503
358,8008,gás,-0.19903618,0.09457117,-0.45818126,-0.39114803,-0.4096905,-0.041270897,0.26478422,0.02168838,-1.4749904,0.29866555,-0.8705263,1.7364948
359,8008,▁é,-0.12246395,-0.04930216,0.18458036,0.056983408,0.16113839,0.10563482,-0.12011737,-0.27875328,0.36632642,-0.18911117,0.39899242,-0.4306175
360,8008,▁jude,0.25657612,0.13377422,-0.10581573,-0.04729121,-0.24960153,-0.08977935,0.3665581,0.81221616,-0.7884155,0.29210845,-0.39564258,0.5846797
361,8008,u,-0.60468805,-0.08731125,-1.7896158,-0.91033196,-1.1901836,-0.08456371,0.35419714,0.12156677,-2.5463226,0.5438736,-2.3586092,3.8181102
362,1223,▁A,-0.083287045,-0.07645458,-0.08331427,-0.03862561,-0.054069996,0.026344497,-0.13441758,-0.08350091,-0.00365795,-0.12185575,0.044034474,-0.090775676
363,1223,▁ameaça,0.0045673177,0.03816228,-0.054049846,-0.026530858,-0.059976526,0.115113944,0.05915317,0.09412301,-0.1463794,0.069356516,-0.16168737,0.16599664
364,1223,▁do,-0.070237234,-0.06952831,-0.17574777,-0.042909496,-0.036078893,0.02172142,-0.07433428,0.005239101,-0.11107408,-0.020669373,-0.14183463,0.25355786
365,1223,▁terrorismo,0.036171783,0.046904054,-0.065386906,0.00784998,-0.053054377,0.09363056,0.012755259,0.13938664,-0.11265642,-0.0026456043,-0.01191603,0.08965126
366,1223,▁radical,0.06201444,0.08789188,0.007042525,0.050185405,-0.036098976,0.19103383,0.090880826,0.16944203,-0.08105122,0.090784796,-0.35003173,0.13649914
367,1223,▁is,0.03730342,0.057463776,0.017807825,0.033000216,0.016230328,0.07832767,0.061332583,0.11103851,-0.098891124,0.097221345,-0.20475903,0.033474375
368,1223,lâm,-0.076072216,-0.032290794,-0.11397449,-0.046581056,0.089701064,-0.092375815,-0.015225984,0.03262449,-0.17313586,0.05543561,-0.23168235,0.27619427
369,1223,ico,0.069013566,0.10685977,0.047117963,0.058985617,0.05287841,0.10641787,0.10743612,0.15896124,-0.05694139,0.14357905,-0.2287592,0.09144951
370,1223,▁é,-0.053465694,-0.040153343,-0.10827468,-0.04910916,-0.04192745,-0.03695997,-0.018515531,-0.030433236,-0.08066853,-0.008766582,-0.14953366,0.28613794
371,1223,▁bem,-0.017268598,0.03967479,-0.09949189,-0.051720634,-0.03172458,0.054503918,0.07200527,0.10662414,-0.22535126,0.10651861,-0.3535542,0.30402064
372,1223,▁real,0.01957088,0.0359964,-0.096065775,0.047438506,0.05374989,0.042051762,0.09666793,0.09565434,-0.117050976,0.12206043,-0.34566152,0.36099315
373,1223,",",-0.058671042,-0.08287789,-0.1215571,-0.11258313,-0.20871438,-0.055925086,0.011427576,-0.025658542,-0.24832988,0.003171941,-0.27972168,0.34797487
374,1223,▁veja,0.04955462,0.082038715,-0.0370293,0.034972727,-0.079728395,0.14070027,0.11981873,0.13831842,-0.17142993,0.13915537,-0.45371467,0.36941195
375,1223,▁o,-0.046629004,-0.037467264,-0.09513366,-0.08711648,-0.09791352,0.014894482,0.0118034,-0.01977875,-0.11387496,0.046705786,-0.27126133,0.24750036
376,1223,▁que,-0.002539606,0.028232504,-0.05857394,-0.03500264,-0.09604886,0.050665036,0.056985922,0.05928339,-0.14799783,0.074575834,-0.27617338,0.29763144
377,1223,▁acontece,0.020894736,0.029422294,-0.004701825,0.057790242,0.090169825,-0.08395032,0.06433502,0.039488256,-0.008429533,0.039345976,-0.022609938,0.15596347
378,1223,▁na,-0.01172081,-0.0063608643,-0.030252486,-0.021602757,-0.034003418,0.0052094003,0.0019482737,0.0039937426,-0.048848946,0.01593279,-0.09507549,0.0906272
379,1223,▁Europa,-0.07760112,-0.038025334,-0.13975391,-0.0961115,-0.1276786,0.069451675,-0.054411292,-0.01264468,-0.18856223,0.06143149,-0.08230535,0.20335302
380,1223,▁e,-0.057727724,-0.0017152545,-0.14070457,-0.10155402,-0.11722846,0.07538965,-0.02219663,0.0012933663,-0.21981116,0.06307596,-0.31641486,0.29858947
381,1223,▁no,-0.03370014,-0.006908058,-0.113498785,-0.06560339,-0.12346555,0.071863994,-0.0043729115,0.01935833,-0.19217943,0.04566683,-0.30347335,0.28805155
382,1223,▁Oriente,-0.026147807,-0.022929903,-0.02843992,-0.02296504,-0.027336048,-0.01253712,-0.030034667,-0.04121878,-0.044676576,-0.02573073,0.06271578,0.011221165
383,1223,▁,-0.03290806,-0.02551202,-0.030548654,-0.03154265,-0.027106915,-0.03661453,-0.040786847,-0.035273176,-0.058548998,-0.045060985,0.0747553,0.017568097
384,1223,Médi,0.010279675,-0.014601555,0.05926489,0.065308385,0.18504667,-0.14150673,-0.004371129,-0.055718884,0.16682445,-0.15037322,0.10703409,-0.012193136
385,1223,o,0.016626019,0.006564312,0.011333259,0.011879552,-0.027284715,0.035384063,0.021945328,0.016767787,0.009056542,0.023210254,-0.02535069,-0.01025859
386,1223,.,-0.0069234483,-0.010539108,-0.005556049,-0.014296023,-0.04203425,0.014817232,0.0051360256,-0.008779809,-0.00654691,0.004134571,-0.057511628,0.032746613
387,1223,▁Os,0.0010574822,0.015940886,-0.057378903,-0.034604847,-0.09540086,0.077862695,0.015657293,0.054767996,-0.1025759,0.06942548,-0.1987547,0.16762793
388,1223,▁tribuna,0.012426679,0.024966076,-0.04082278,-0.03694229,-0.01707378,0.05085933,0.047344334,0.055003073,-0.07057597,0.057603598,-0.08636945,0.18132037
389,1223,is,-0.012417216,-0.00659356,-0.015175443,-0.024245806,-0.0155358,0.03500823,0.02043303,0.0056261215,-0.044285834,0.028356127,-0.07134254,0.009419009
390,1223,▁,-0.0193877,-0.0063445843,-0.046757612,-0.018575575,0.022769844,-0.04230033,-0.0028426195,-0.02853338,-0.059814,-0.009149714,0.089024335,0.03291525
391,1223,_,-0.061393462,-0.02679194,-0.08840825,-0.13494739,-0.26303717,0.02200251,-0.010292703,0.0013703872,-0.21588187,0.0375264,-0.23661187,0.2884372
392,8620,▁Estas,-0.0042271744,0.059096202,-0.077159375,0.06593411,0.058300942,0.09993533,-0.053717785,0.018231416,-0.17904274,-0.040215783,-0.15460649,0.19823672
393,8620,▁po,0.03243778,0.040713523,0.05607974,0.055179022,0.040907852,-0.06988912,0.06732177,0.04613272,-0.027628567,0.08759774,-0.0348496,0.021001115
394,8620,eiras,0.11920822,0.14146098,0.12652805,0.11713722,0.11530046,0.019851116,0.21973386,0.22230986,-0.07871415,0.2095483,-0.19229227,0.21449348
395,8620,▁vind,-0.017162131,0.005327182,-0.14383827,-0.03939332,-0.17611197,-0.008288887,0.118066795,0.11811134,-0.1683031,0.16754127,-0.80167574,0.7274044
396,8620,as,-0.3297439,-0.41065797,-0.4138994,-0.5332234,-0.6277343,-0.19007629,-0.15202883,-0.20791662,0.33618623,0.3141912,-1.878156,1.0872216
397,8620,▁do,0.111893624,0.12445539,0.031282894,0.06858716,0.0004516393,0.15947932,0.12469396,0.23910436,0.0031534806,0.119300574,-0.66259146,0.24393326
398,8620,▁norte,0.030331852,-0.018199036,0.10976249,0.030216075,-0.060898807,0.0075110006,0.22106206,0.016197912,0.14305025,0.023804607,0.00592763,-0.019757878
399,8620,▁de,0.011544672,0.005578927,0.019684616,0.014616815,0.021670382,-0.0071688048,0.030047264,-0.011159566,0.06157533,0.011943534,0.02586206,-0.013870878
400,8620,▁África,0.013014697,0.027275868,-0.011218231,-0.0014805458,-0.10997007,0.02526427,-0.004101634,0.088106535,-0.15404236,0.2152424,-0.19618109,0.07854581
401,8620,▁entra,0.18758841,0.16570579,0.0936844,0.23377234,-0.0073825438,0.10902048,0.4952521,0.25693846,-0.09274125,0.028179143,-0.0105285235,0.25913182
402,8620,m,-0.021882463,-0.010446377,-0.056666125,-0.050016895,-0.08075536,0.03345169,0.007500678,0.013843399,-0.13145736,-0.0060537793,-0.08515349,0.122479014
403,8620,▁impune,-0.30828196,-0.14152363,-0.46942526,-0.23177305,-0.5753975,0.11444992,-0.3946137,0.2420679,-0.92330027,-0.5888756,0.70247936,-0.06981747
404,8620,mente,0.0055559115,0.008391429,-0.040884167,-0.00094865775,-0.043614894,-0.00066858996,0.04974275,0.046070926,-0.11201565,0.02763214,-0.16848415,0.18696688
405,8620,▁em,-0.05792673,-0.047625925,-0.10335006,-0.08647798,-0.14063236,0.009036366,-0.018700827,0.0015824757,-0.13371655,0.010827509,-0.33781934,0.26443905
406,8620,▁Portugal,-0.021533918,0.0071224887,-0.0803632,-0.018790893,-0.053862244,0.10142362,-0.019291762,0.06256606,-0.092732854,0.07838652,-0.25880435,0.13677783
407,8620,▁e,-0.102323614,-0.082441114,-0.27996588,-0.14530377,-0.18030259,0.04297387,-0.075945035,-0.01845416,-0.48749948,0.025512343,-0.49217463,0.48929536
408,8620,▁su,0.008209897,0.036534104,-0.06675571,-0.01154082,-0.010432371,0.034324005,0.0687231,0.049732957,-0.2661088,0.062464356,-0.15333638,0.22497624
409,8620,jam,-0.034486823,0.037454326,-0.090897486,-0.041826993,-0.043344148,-0.0017400831,0.08168306,0.03405696,-0.18166718,0.040322762,-0.1592968,0.36545825
410,8620,▁os,-0.05008773,-0.010665946,-0.11107183,-0.11028461,-0.12893203,0.044950683,-0.020102024,0.0073133605,-0.19392596,0.029224427,-0.1744025,0.23044445
411,8620,▁carros,0.073981926,0.10365282,0.04835038,0.101130314,-0.021953028,0.03892105,0.030164683,0.09142529,0.02263413,0.15603495,-0.2982952,0.21274143
412,8620,▁todos,-0.031930774,-0.012947984,-0.053583167,0.0010526734,-0.012391132,0.020668596,-0.033871006,0.0035986295,-0.013464851,-0.06528,-0.09692018,0.08577558
413,8620,.,-0.025924295,-0.06638219,-0.07447568,-0.017249769,-0.117256165,0.036000896,-0.01998343,-0.0061563067,0.043215983,-0.042303022,-0.18757972,-0.08448908
414,8620,▁Para,-0.012240024,0.05973747,-0.095391504,-0.013426475,-0.095915616,0.14781041,0.016182337,0.105818145,-0.18418397,0.09415805,-0.3515978,0.30251804
415,8620,▁quando,-0.07995802,-0.010752957,-0.21602058,-0.11612994,-0.09361528,-0.10719219,0.033175413,-0.0017222539,-0.4504916,0.06003915,0.102368504,0.5818118
416,8620,▁a,-0.04399727,-0.013088533,-0.097233765,-0.09714407,-0.12978809,0.01812232,0.013590768,0.0064236354,-0.158362,0.025077093,-0.17009534,0.31709966
417,8620,▁,-0.009219027,-0.018964909,-0.00042920827,-0.018093396,-0.024033276,-0.025208622,-0.010402115,-0.022224253,0.036479577,-0.014309207,0.020966673,-0.009865675
418,8620,constru,0.028199432,0.04022547,0.032912638,-0.0009058155,-0.016752478,-0.017759869,0.086417615,0.030469172,0.048018925,0.031729743,-0.1007162,0.15573797
419,8620,ção,0.008089291,-0.012256518,-0.0225279,-0.048225626,-0.055427562,-0.00068123266,0.016700627,0.013843406,0.028609859,0.034010552,-0.047799885,0.102721035
420,8620,▁de,-0.03252971,0.010679185,-0.07095674,-0.023365214,-0.07026897,0.007938398,-0.015132124,0.0037368615,-0.19434133,-0.024967808,-0.018869434,0.17662425
421,8620,▁um,-0.009263588,0.0023693321,-0.064681984,0.0053609167,-0.04685209,-0.0050692228,0.04622187,0.020893613,-0.12072909,0.013877315,-0.17246535,0.22789219
422,8620,▁muro,0.08378221,0.12645468,0.012186358,0.09053596,-0.039040428,0.02855045,0.16182297,0.14281076,-0.15636969,0.15339941,-0.20256911,0.34518853
423,8620,?,-0.06762399,-0.09449729,-0.19371817,-0.10705598,-0.17922464,-0.0019140169,-0.04603784,-0.06432414,-0.2659918,0.013031732,-0.36846194,0.4090513
424,4266,▁Ri,0.2685997,0.1852428,0.2500172,0.10695037,0.07405366,0.07488735,0.10862601,0.23466526,0.09782511,0.937177,-0.0832484,-0.428653
425,4266,ndo,-0.091892645,-0.054285817,-0.13263734,-0.0037941243,-0.0468774,-0.013335519,0.025522985,-0.068050474,-0.16908586,-0.29666847,-0.05901277,0.30193883
426,4266,▁até,0.037136413,0.1297971,-0.024796762,0.045681294,-0.01649082,0.12234253,0.13447219,0.14583158,-0.21568412,-0.023518112,-0.49059913,0.41948226
427,4266,▁2020.,0.12321487,0.15928224,0.041720178,0.028952323,-0.020468768,0.16215593,0.07269268,0.14705934,-0.11878352,0.25024217,-0.14374737,4.3414533e-05
428,4266,▁For,-0.028094437,0.026821025,-0.05690164,0.0056464095,0.0068541896,0.02386297,0.01583996,0.031015549,-0.1377883,-0.03299454,-0.13726573,0.17287788
429,4266,am,0.038166396,0.11839167,-0.032117378,0.056701303,0.05727375,0.10527654,0.151104,0.12756625,-0.23564582,-0.044999566,-0.24464108,0.35570577
430,4266,▁reclamar,-0.32750255,-0.32072055,-0.31834278,-0.108320095,-0.0610659,-0.295533,-0.030975735,-0.39517906,-0.084225155,-1.3873444,0.1179246,0.87374336
431,4266,▁do,0.18127277,0.26934415,0.05147787,0.14082608,0.06824294,0.2963686,0.3096124,0.3462205,-0.29080886,0.3747778,-0.71789813,0.39723772
432,4266,▁ban,0.07514977,0.067343995,0.022810899,0.041568764,-0.04209995,0.02478541,0.044705838,0.08259259,-0.05463519,0.20703956,0.0043980703,-0.019287907
433,4266,imento,0.085369505,0.06447577,-0.015946893,0.04593549,-0.09741419,0.15913936,-0.0058112275,0.1576118,-0.06500836,0.40251875,-0.10771181,-0.12997293
434,4266,▁do,0.6376008,0.9599612,0.23862453,0.09502619,0.10082063,0.6840219,0.7496316,0.82420754,-1.0668695,0.7533351,-0.5734464,0.79952145
435,4266,▁Trump,0.39747936,0.39440528,0.29004034,0.15207279,0.15045822,0.44548607,0.2709235,0.518702,-0.09323725,1.1511654,-0.43769795,-0.5529835
436,4266,▁de,0.06957993,0.13406044,-0.0046448936,0.033295102,-0.004364334,0.11947993,0.09431878,0.13765544,-0.21886507,0.16492084,-0.2001426,0.15710703
437,4266,▁alguns,-0.08465317,0.04662198,-0.16594598,-0.070121355,0.055233367,-0.09473348,0.1850031,0.015339598,-0.39290684,-0.5946918,-0.32514453,0.89631003
438,4266,▁países,0.48908868,0.5378622,0.3606584,0.35096028,0.2613773,0.4291634,0.19665495,0.637524,-0.39185345,2.3079636,-1.0256432,-0.55225056
439,4266,",",-0.030518275,-0.068567365,-0.027072001,-0.011920752,0.028382335,-0.068876006,0.017057406,-0.0045716353,-0.10231485,-0.093376994,-0.07485214,-0.00891093
440,4266,▁ele,-0.087998554,-0.16902792,-0.1208261,-0.033234395,-0.055983383,-0.06412645,-0.15109491,-0.11549561,0.08141675,-0.08861429,0.15077512,-0.09323567
441,4266,▁foi,-0.06840432,-0.041813727,-0.14401895,0.018022453,0.11271073,-0.1248108,0.083681494,-0.06608349,-0.057374634,-0.14759594,0.025552,0.32169867
442,4266,▁lá,-0.02901251,-0.0048075337,-0.07309703,-0.045907445,0.009974623,-0.019063637,0.12897027,0.010221694,-0.15981486,-0.054258734,-0.068169475,0.27274078
443,4266,▁e,-0.053301465,-0.008535065,-0.07060745,-0.07176086,0.035360377,0.009750219,0.027886603,-0.0027879677,-0.10830226,-0.06550764,-0.022886492,0.18072987
444,4266,▁bani,0.0019050688,0.06473185,-0.0766113,0.0032222532,-0.042684533,0.03466136,0.2029237,0.048807338,-0.27096063,-0.18636006,0.04014346,0.50929904
445,4266,u,0.0039442675,0.031530928,-0.019677695,0.013814111,0.008880055,-0.020940457,0.09185395,0.010806804,-0.074380904,-0.1090363,-0.05920142,0.24093404
446,4266,▁todos,0.1285537,0.13568097,0.12703258,0.03046031,0.045795172,0.105065815,0.08021739,0.16728717,-0.030885756,0.42383707,-0.11089872,-0.16030766
447,4266,▁os,-0.1187442,-0.046529688,-0.15310922,-0.0074483193,-0.02321824,-0.05633779,0.08062101,-0.09623126,-0.16567494,-0.6080409,-0.06605102,0.5954578
448,4266,▁refugiados,0.71223325,0.681507,0.6235254,0.32420132,0.16579443,0.8583738,0.23767881,0.9423865,0.014301594,2.284759,-0.5649744,-1.4451439
449,4266,.,-0.029922893,-0.015585352,-0.036838837,-0.016189225,-0.04711208,0.06844714,-0.019614203,0.010190116,0.010923523,0.116004966,-0.08984566,-0.12436892
450,4266,▁Como,0.06547703,0.08876785,0.060796198,0.055127412,0.035398036,0.063535534,0.023866845,0.107392475,0.018449714,0.4062834,-0.13527642,-0.14946505
451,4266,▁não,-0.09234036,-0.07540401,-0.095110156,-0.03751423,-0.07187362,-0.055890992,-0.0044819275,-0.089512445,-0.07625979,-0.4252586,-0.019114204,0.26957917
452,4266,▁amar,-0.18337369,-0.21710892,-0.19547558,-0.036885045,-0.09199697,-0.07606817,-0.09482741,-0.14417914,0.017805994,-0.6338377,-0.11522689,0.27228692
453,4266,?!,0.0024989322,-0.008624818,0.0037487447,-0.005305156,-0.061324485,0.011924397,-0.032680348,0.0233665,0.010700731,0.040319636,0.04241215,-0.07586788
454,1385,▁Porque,0.018845975,-0.0113663,-0.107724085,0.105989456,0.35334545,-0.24459419,0.092768535,0.10394174,0.3091048,-0.00080234185,-0.3078518,-0.08623171
455,1385,▁só,-0.1830408,-0.23163013,-0.2548576,-0.16796634,-0.108959384,-0.39910942,-0.23799631,-0.1447841,-0.3892522,-0.10772319,-0.46976948,0.5001176
456,1385,▁o,-0.02857374,-0.078029245,-0.066082485,-0.08169815,-0.14483362,-0.27180678,-0.08025397,-0.038583443,-0.53535444,-0.10571458,-0.18424088,0.45105502
457,1385,@USER,-0.20125833,-0.21482445,-0.30725884,-0.3349936,-0.28000826,-0.2484656,-0.12994745,-0.2169039,-0.0928204,-0.13718855,0.028983936,0.10121316
458,1385,▁pode,0.09977803,0.13666655,0.020310154,0.05674807,0.030469924,0.7877965,-0.1970849,0.09077209,-0.029367525,0.11433086,0.053949602,-0.05674036
459,1385,▁ser,-0.08555869,-0.07321822,-0.072429545,-0.07937453,0.08088335,0.08597723,-0.19934735,-0.05527944,-0.0007094331,-0.048017357,-0.23750454,0.14316262
460,1385,▁censura,0.08704893,0.08045,-0.22377905,0.13832635,-0.47277847,0.3953213,0.03722477,0.09259653,-0.057438433,0.11614698,0.115885526,0.35845503
461,1385,do,-0.1664993,-0.04802045,-0.2646526,-0.13488314,-0.2534998,0.34253743,-0.15465918,0.010380084,-0.6650187,-0.025809176,-0.41607067,0.5599197
462,1385,▁e,-0.50144655,-0.39012173,-1.2484717,-0.208905,0.6775839,-0.6095092,-0.6018555,0.08112964,-0.41658276,0.22382861,-2.2836185,1.4241273
463,1385,▁eu,-0.335477,-0.45839608,-0.62918365,-0.35668987,0.34918568,-0.8843453,-0.4342028,-0.13282572,-0.28636193,-0.040440775,-1.506495,0.8216311
464,1385,▁não,-0.07513934,-0.20838062,-0.22476405,-0.10640007,-0.022809254,-0.23007989,-0.09147744,-0.017955562,-0.0896615,-0.06318347,-0.69443005,0.11821897
465,1385,?,0.11460126,0.08458533,0.07786324,0.16168413,0.12701978,0.15710732,0.12655157,0.08174008,0.16550146,0.050485574,0.045274742,-0.24695623
466,1385,Eu,0.66698694,0.9894454,0.5786383,0.8195133,1.2209449,2.7014296,0.42577833,0.9911896,1.2934207,0.84731746,0.035158046,-1.6637769
467,1385,▁odeio,0.29493904,0.27620706,0.27448672,0.1951195,0.102440305,1.1632268,0.46281624,0.4032676,0.756867,0.24802242,0.01506035,-0.8623564
468,1385,▁as,-0.9764876,-1.3567655,-0.99691164,-1.1684043,-1.1369696,-3.1014576,-1.0671768,-1.0377079,-1.3681359,-0.94821125,-1.4086131,1.933794
469,1385,▁feministas,0.1929822,-0.021683693,-0.3455627,-0.24704874,-1.7158697,0.505775,0.33288425,0.5747931,-0.15248704,0.33355916,-1.6901592,0.6777015
470,1385,▁tanto,0.32055584,0.43142757,0.25406495,0.3634426,0.3981983,1.1128783,0.31868654,0.5770364,0.6051488,0.56701136,-0.3076893,-0.32990226
471,1385,▁q,0.18040878,0.27048445,0.06076025,0.14944866,0.3088443,0.7524798,0.025557093,0.21868739,0.53984606,0.22997338,0.32639024,-0.71071047
472,1385,nt,-0.15869915,-0.1134541,-0.33310002,-0.38305444,-0.23244196,-0.46841958,-0.14796945,-0.19495699,0.024432495,-0.018949017,0.02508834,0.3865437
473,1385,▁ele,0.15749013,0.1511178,0.11971758,0.10421174,0.0937012,0.34749365,0.20541152,0.1636866,0.4644919,0.19238833,0.07239704,-0.32031435
474,1385,..,-0.15292946,-0.17112821,-0.16756926,-0.21694395,-0.26259214,-0.2545694,-0.050928302,-0.20046085,-0.409626,-0.1607264,-0.2117515,0.4392481
475,1385,▁Elas,0.39220285,0.32388413,0.4419977,0.42653722,0.3436597,0.3680405,0.64253616,0.42661324,1.7460599,0.45660475,0.12168518,-1.3315158
476,1385,▁só,0.0470063,0.031808376,-0.026680682,0.1017967,0.2559141,0.10019243,0.13841994,0.113106415,0.46764228,0.15899986,-0.21103907,-0.23339012
477,1385,▁sabem,0.11594246,0.10339573,0.04555921,0.1384888,0.17749181,0.26225233,0.08075125,0.16062857,0.4341842,0.17237192,-0.026777893,-0.3535608
478,1385,▁dar,-0.09399411,-0.06214371,-0.11464211,-0.122091725,0.12793042,0.12832303,0.0018645413,0.019674178,0.03532249,0.0703711,-0.2631314,0.17404611
479,1385,▁e,-0.023305751,-0.04580956,-0.004307106,-0.00982419,-0.12476514,0.05248166,-0.05586417,-0.027408965,-0.07549235,0.028751627,-0.22646096,0.15958725
480,1385,▁abortar,0.4726746,0.40939873,0.29818958,0.20407577,0.5847883,0.97980875,0.1837421,0.50095534,0.43445018,0.29513472,-0.16159743,-0.35469088
481,1385,!,-0.034175895,-0.030907022,-0.009783389,-0.037084475,-0.1860373,0.016660161,-0.016643204,-0.06159566,-0.1715492,-0.03334452,0.036963474,0.026198503
482,1385,▁#,0.046847105,0.059659027,0.029863734,0.07470728,0.066643655,0.13783589,0.057790402,0.061523132,0.16579255,0.06630516,0.0181901,-0.14932698
483,1385,Di,0.19495025,0.31929776,0.27389434,0.28978008,0.14524652,0.8196536,0.30831888,0.28532207,0.26823872,0.17292272,0.15500182,-0.25949204
484,1385,re,-0.069348045,-0.119106844,-0.10263916,-0.07797088,-0.04885623,-0.32443538,-0.08294922,-0.03620738,0.06146131,-0.023823712,-0.33916485,0.19090739
485,1385,itos,0.1985561,0.20162237,0.03787925,0.2410379,0.12725632,0.28215116,0.30542672,0.379024,0.4598552,0.3720678,-0.27230096,-0.28576273
486,1385,I,0.38389796,0.35437876,0.28135842,0.5856329,0.4889193,0.40970165,0.7144288,0.56649727,1.1048529,0.51309407,-0.26780564,-0.64560187
487,1385,gua,0.027475141,0.15083593,0.1586783,-0.2559139,0.5417353,0.54851973,0.05124726,0.29180434,1.0584266,0.5880891,0.78774685,-1.1440827
488,1385,is,0.22254069,0.33260733,0.03337558,0.46902913,0.56461835,0.4972327,0.5023045,0.6811851,1.2699649,0.6971308,-0.42685476,-0.7139112
